id,model,dataset,included,m,n_clusters,entropy,norm_entropy,is_zero,pred,correct,em,f1,confidence,is_unanswerable,qtype
56dddf4066d3e219004dad5f,FLAN-T5-base,squad2,False,0,,,,,,,,,,False,squad2
56dddf4066d3e219004dad61,FLAN-T5-base,squad2,False,0,,,,,,,,,,False,squad2
5ad3a266604f3c001a3fea2b,FLAN-T5-base,squad2,False,1,,,,,,,,,,True,squad2
5ad3ab70604f3c001a3feb89,FLAN-T5-base,squad2,False,2,,,,,,,,,,True,squad2
5ad3ab70604f3c001a3feb8a,FLAN-T5-base,squad2,False,1,,,,,,,,,,True,squad2
56dde0ba66d3e219004dad75,FLAN-T5-base,squad2,False,1,,,,,,,,,,False,squad2
5ad3ae14604f3c001a3fec39,FLAN-T5-base,squad2,False,2,,,,,,,,,,True,squad2
56dde27d9a695914005b9651,FLAN-T5-base,squad2,False,0,,,,,,,,,,False,squad2
56dde2fa66d3e219004dad9b,FLAN-T5-base,squad2,False,2,,,,,,,,,,False,squad2
5ad3dbc6604f3c001a3ff3ec,FLAN-T5-base,squad2,False,2,,,,,,,,,,True,squad2
56de0ffd4396321400ee258e,FLAN-T5-base,squad2,True,3,1.0,-1.6017132519074577e-15,-8.008566259537289e-16,True,1060s,True,1.0,1.0,-0.07732048632169608,False,squad2
5ad3de8b604f3c001a3ff469,FLAN-T5-base,squad2,False,0,,,,,,,,,,True,squad2
5ad3ed26604f3c001a3ff79b,FLAN-T5-base,squad2,False,2,,,,,,,,,,True,squad2
56de15dbcffd8e1900b4b5ca,FLAN-T5-base,squad2,False,2,,,,,,,,,,False,squad2
5ad3f187604f3c001a3ff871,FLAN-T5-base,squad2,False,2,,,,,,,,,,True,squad2
5ad3f6f5604f3c001a3ffa0a,FLAN-T5-base,squad2,False,0,,,,,,,,,,True,squad2
56de3e414396321400ee26d9,FLAN-T5-base,squad2,False,2,,,,,,,,,,False,squad2
5ad40358604f3c001a3ffd7d,FLAN-T5-base,squad2,False,2,,,,,,,,,,True,squad2
5ad532575b96ef001a10ab7c,FLAN-T5-base,squad2,False,1,,,,,,,,,,True,squad2
5ad5364c5b96ef001a10ab91,FLAN-T5-base,squad2,False,2,,,,,,,,,,True,squad2
56e17e6ee3433e1400422f81,FLAN-T5-base,squad2,False,0,,,,,,,,,,False,squad2
5ad537a15b96ef001a10ab9c,FLAN-T5-base,squad2,False,2,,,,,,,,,,True,squad2
56e181d9e3433e1400422fa0,FLAN-T5-base,squad2,False,0,,,,,,,,,,False,squad2
56e19724cd28a01900c679fa,FLAN-T5-base,squad2,False,0,,,,,,,,,,False,squad2
5ad53e615b96ef001a10abda,FLAN-T5-base,squad2,False,1,,,,,,,,,,True,squad2
5ad541ad5b96ef001a10abee,FLAN-T5-base,squad2,False,0,,,,,,,,,,True,squad2
56e1a564cd28a01900c67a4b,FLAN-T5-base,squad2,False,0,,,,,,,,,,False,squad2
56e1aba0e3433e1400423094,FLAN-T5-base,squad2,False,1,,,,,,,,,,False,squad2
5ad547945b96ef001a10ac18,FLAN-T5-base,squad2,False,1,,,,,,,,,,True,squad2
5ad5489b5b96ef001a10ac2c,FLAN-T5-base,squad2,False,2,,,,,,,,,,True,squad2
56e1b62ecd28a01900c67aa3,FLAN-T5-base,squad2,False,2,,,,,,,,,,False,squad2
56e1b754cd28a01900c67abd,FLAN-T5-base,squad2,False,0,,,,,,,,,,False,squad2
5ad54b035b96ef001a10ac53,FLAN-T5-base,squad2,False,2,,,,,,,,,,True,squad2
5ad54b035b96ef001a10ac54,FLAN-T5-base,squad2,False,0,,,,,,,,,,True,squad2
5ad54c2f5b96ef001a10ac5c,FLAN-T5-base,squad2,False,2,,,,,,,,,,True,squad2
5ad54c2f5b96ef001a10ac5f,FLAN-T5-base,squad2,False,0,,,,,,,,,,True,squad2
5ad54d625b96ef001a10ac66,FLAN-T5-base,squad2,False,1,,,,,,,,,,True,squad2
56e1c0f6cd28a01900c67b2c,FLAN-T5-base,squad2,False,0,,,,,,,,,,False,squad2
5ad55ee35b96ef001a10ace4,FLAN-T5-base,squad2,False,2,,,,,,,,,,True,squad2
56e1c4fce3433e1400423151,FLAN-T5-base,squad2,False,1,,,,,,,,,,False,squad2
5ad560b85b96ef001a10ad20,FLAN-T5-base,squad2,False,2,,,,,,,,,,True,squad2
5ad560b85b96ef001a10ad21,FLAN-T5-base,squad2,False,1,,,,,,,,,,True,squad2
56e1c720e3433e140042316a,FLAN-T5-base,squad2,False,0,,,,,,,,,,False,squad2
56e1c9bfe3433e1400423196,FLAN-T5-base,squad2,False,0,,,,,,,,,,False,squad2
56e1dc62cd28a01900c67bcd,FLAN-T5-base,squad2,False,2,,,,,,,,,,False,squad2
5ad568d35b96ef001a10ae1d,FLAN-T5-base,squad2,True,3,1.0,-1.6017132519074577e-15,-8.008566259537289e-16,True,unanswerable,True,1.0,1.0,-0.09156423198518268,True,squad2
56e1e9dfe3433e14004231fc,FLAN-T5-base,squad2,True,3,3.0,1.4999999999999956,0.7499999999999978,False,graph isomorphism,True,1.0,1.0,-0.1624345651035932,False,squad2
56e1e9dfe3433e14004231ff,FLAN-T5-base,squad2,False,0,,,,,,,,,,False,squad2
5ad569c05b96ef001a10ae3a,FLAN-T5-base,squad2,False,0,,,,,,,,,,True,squad2
5ad56bcd5b96ef001a10ae62,FLAN-T5-base,squad2,False,2,,,,,,,,,,True,squad2
56e1f10ee3433e1400423222,FLAN-T5-base,squad2,True,3,1.0,-1.6017132519074577e-15,-8.008566259537289e-16,True,L,True,1.0,1.0,-0.13925714418292046,False,squad2
56e1fc57e3433e140042322c,FLAN-T5-base,squad2,False,1,,,,,,,,,,False,squad2
56e1febfe3433e1400423237,FLAN-T5-base,squad2,False,1,,,,,,,,,,False,squad2
56e2042ecd28a01900c67c20,FLAN-T5-base,squad2,False,1,,,,,,,,,,False,squad2
5ad5719f5b96ef001a10aeee,FLAN-T5-base,squad2,False,2,,,,,,,,,,True,squad2
56e20a3ae3433e140042324a,FLAN-T5-base,squad2,False,2,,,,,,,,,,False,squad2
5ad0185a77cf76001a6869b8,FLAN-T5-base,squad2,False,2,,,,,,,,,,True,squad2
5ad0185a77cf76001a6869b9,FLAN-T5-base,squad2,False,1,,,,,,,,,,True,squad2
5705e4fe75f01819005e7704,FLAN-T5-base,squad2,True,3,2.0,0.8112781244591301,0.40563906222956503,False,Colorado Desert,False,0.0,0.5,-0.10012039976815383,False,squad2
5ad0206677cf76001a686afc,FLAN-T5-base,squad2,False,1,,,,,,,,,,True,squad2
5ad0220a77cf76001a686b2b,FLAN-T5-base,squad2,False,1,,,,,,,,,,True,squad2
5705edcd52bb8914006896ce,FLAN-T5-base,squad2,False,1,,,,,,,,,,False,squad2
5705eee952bb8914006896e0,FLAN-T5-base,squad2,False,2,,,,,,,,,,False,squad2
5705fb7f52bb891400689752,FLAN-T5-base,squad2,False,1,,,,,,,,,,False,squad2
5705fd8475f01819005e7844,FLAN-T5-base,squad2,False,1,,,,,,,,,,False,squad2
5705fec152bb89140068977d,FLAN-T5-base,squad2,False,2,,,,,,,,,,False,squad2
5705ffde52bb891400689784,FLAN-T5-base,squad2,False,1,,,,,,,,,,False,squad2
570603c475f01819005e7882,FLAN-T5-base,squad2,False,0,,,,,,,,,,False,squad2
5706074552bb8914006897d6,FLAN-T5-base,squad2,False,1,,,,,,,,,,False,squad2
5ad042cf77cf76001a686f28,FLAN-T5-base,squad2,True,3,2.0,0.9999999999999971,0.49999999999999856,False,"San Luis Obispo, and Bakersfield",False,0.0,0.0,-0.07202249917342367,True,squad2
570607f575f01819005e78b5,FLAN-T5-base,squad2,False,2,,,,,,,,,,False,squad2
57060a1175f01819005e78d4,FLAN-T5-base,squad2,False,0,,,,,,,,,,False,squad2
5ad0461477cf76001a686f7b,FLAN-T5-base,squad2,False,0,,,,,,,,,,True,squad2
57060cc352bb89140068980f,FLAN-T5-base,squad2,False,1,,,,,,,,,,False,squad2
57060eaf75f01819005e7912,FLAN-T5-base,squad2,False,0,,,,,,,,,,False,squad2
57060f3e75f01819005e7922,FLAN-T5-base,squad2,False,0,,,,,,,,,,False,squad2
5706139252bb891400689868,FLAN-T5-base,squad2,False,2,,,,,,,,,,False,squad2
5ad04ecf77cf76001a686faf,FLAN-T5-base,squad2,False,1,,,,,,,,,,True,squad2
5ad04ecf77cf76001a686fb2,FLAN-T5-base,squad2,False,2,,,,,,,,,,True,squad2
5706143575f01819005e7953,FLAN-T5-base,squad2,True,3,1.0,-1.6017132519074577e-15,-8.008566259537289e-16,True,Los Angeles Kings,True,1.0,1.0,-0.017352001079416368,False,squad2
5ad051be77cf76001a686fd0,FLAN-T5-base,squad2,False,2,,,,,,,,,,True,squad2
5a2c0c2fbfd06b001a5ae99c,FLAN-T5-base,squad2,True,3,1.0,-1.6017132519074577e-15,-8.008566259537289e-16,True,two,False,0.0,0.0,-0.06505242642015219,True,squad2
5a2c0c2fbfd06b001a5ae99d,FLAN-T5-base,squad2,False,1,,,,,,,,,,True,squad2
5a2c14b4bfd06b001a5ae9d5,FLAN-T5-base,squad2,False,2,,,,,,,,,,True,squad2
5a2c3a5cbfd06b001a5aea7b,FLAN-T5-base,squad2,False,1,,,,,,,,,,True,squad2
570953a7efce8f15003a7e01,FLAN-T5-base,squad2,True,3,1.0,-1.6017132519074577e-15,-8.008566259537289e-16,True,Video On Demand content,True,1.0,1.0,-0.07217705025468604,False,squad2
570960cf200fba1400367f02,FLAN-T5-base,squad2,False,2,,,,,,,,,,False,squad2
570963a5200fba1400367f33,FLAN-T5-base,squad2,False,0,,,,,,,,,,False,squad2
5a2c07d5bfd06b001a5ae980,FLAN-T5-base,squad2,False,1,,,,,,,,,,True,squad2
570967c4ed30961900e840bc,FLAN-T5-base,squad2,False,2,,,,,,,,,,False,squad2
5a2c30dabfd06b001a5aea29,FLAN-T5-base,squad2,False,1,,,,,,,,,,True,squad2
5a2c1622bfd06b001a5ae9e1,FLAN-T5-base,squad2,False,2,,,,,,,,,,True,squad2
57096c95200fba1400367fbf,FLAN-T5-base,squad2,True,3,1.0,-1.6017132519074577e-15,-8.008566259537289e-16,True,unanswerable,False,0.0,0.0,-0.003489883365728019,False,squad2
57096e1ced30961900e84103,FLAN-T5-base,squad2,False,1,,,,,,,,,,False,squad2
57096f37200fba1400367fe5,FLAN-T5-base,squad2,False,2,,,,,,,,,,False,squad2
57096f37200fba1400367fe6,FLAN-T5-base,squad2,True,3,1.0,-1.6017132519074577e-15,-8.008566259537289e-16,True,"£15–100,000.",True,1.0,1.0,-0.02926123110592016,False,squad2
57096f37200fba1400367fe9,FLAN-T5-base,squad2,False,2,,,,,,,,,,False,squad2
5a2c0fb8bfd06b001a5ae9b9,FLAN-T5-base,squad2,False,1,,,,,,,,,,True,squad2
5a2c0fb8bfd06b001a5ae9bb,FLAN-T5-base,squad2,False,2,,,,,,,,,,True,squad2
57097b50200fba140036804d,FLAN-T5-base,squad2,True,3,2.0,0.8112781244591301,0.40563906222956503,False,10 million,True,1.0,1.0,-0.1783226300807049,False,squad2
5a6374de68151a001a9222ea,FLAN-T5-base,squad2,False,1,,,,,,,,,,True,squad2
570d2556fed7b91900d45c47,FLAN-T5-base,squad2,False,1,,,,,,,,,,False,squad2
570d2556fed7b91900d45c4a,FLAN-T5-base,squad2,False,2,,,,,,,,,,False,squad2
570d29c2b3d812140066d4be,FLAN-T5-base,squad2,False,1,,,,,,,,,,False,squad2
5a63888168151a001a922341,FLAN-T5-base,squad2,False,1,,,,,,,,,,True,squad2
5a636c5a68151a001a9222c8,FLAN-T5-base,squad2,False,1,,,,,,,,,,True,squad2
5a636c5a68151a001a9222ca,FLAN-T5-base,squad2,False,1,,,,,,,,,,True,squad2
570d2d68fed7b91900d45cbc,FLAN-T5-base,squad2,True,3,2.0,0.9999999999999971,0.49999999999999856,False,More than 50%,False,0.0,0.5,-0.2657195404317463,False,squad2
570d2d68fed7b91900d45cbd,FLAN-T5-base,squad2,False,2,,,,,,,,,,False,squad2
5a638d2768151a001a922372,FLAN-T5-base,squad2,False,0,,,,,,,,,,True,squad2
570d2f5bfed7b91900d45cd2,FLAN-T5-base,squad2,True,3,2.0,0.8112781244591301,0.40563906222956503,False,"entrenched"" provisions",True,1.0,1.0,-0.23765396122124421,False,squad2
5a6395e668151a001a9223a3,FLAN-T5-base,squad2,False,2,,,,,,,,,,True,squad2
570d32e4fed7b91900d45d01,FLAN-T5-base,squad2,False,1,,,,,,,,,,False,squad2
570d32e4fed7b91900d45d02,FLAN-T5-base,squad2,True,3,1.0,-1.6017132519074577e-15,-8.008566259537289e-16,True,Victoria Department of Education,True,1.0,1.0,-0.02407749837002484,False,squad2
570d3468b3d812140066d547,FLAN-T5-base,squad2,False,2,,,,,,,,,,False,squad2
5a63969068151a001a9223ab,FLAN-T5-base,squad2,False,2,,,,,,,,,,True,squad2
5a63969068151a001a9223ac,FLAN-T5-base,squad2,False,1,,,,,,,,,,True,squad2
5a63969068151a001a9223ad,FLAN-T5-base,squad2,False,2,,,,,,,,,,True,squad2
5a63981168151a001a9223b7,FLAN-T5-base,squad2,False,1,,,,,,,,,,True,squad2
5a63730568151a001a9222e0,FLAN-T5-base,squad2,False,2,,,,,,,,,,True,squad2
570d4329fed7b91900d45dd7,FLAN-T5-base,squad2,True,3,1.0,-1.6017132519074577e-15,-8.008566259537289e-16,True,1 July 1851,True,1.0,1.0,-0.007204832475690637,False,squad2
570d44abb3d812140066d601,FLAN-T5-base,squad2,True,3,2.0,0.8112781244591301,0.40563906222956503,False,Over 61 per cent,False,0.0,0.4,-0.12501408045742815,False,squad2
5a638b3668151a001a92235e,FLAN-T5-base,squad2,False,2,,,,,,,,,,True,squad2
5a638e4468151a001a92237b,FLAN-T5-base,squad2,False,2,,,,,,,,,,True,squad2
570d47b8b3d812140066d631,FLAN-T5-base,squad2,True,3,1.0,-1.6017132519074577e-15,-8.008566259537289e-16,True,five,True,1.0,1.0,-0.03888576524332166,False,squad2
570d4a6bfed7b91900d45e16,FLAN-T5-base,squad2,True,3,2.0,0.9999999999999971,0.49999999999999856,False,Sydney,True,1.0,1.0,-0.02958494331687689,False,squad2
5a637c6268151a001a92230e,FLAN-T5-base,squad2,True,3,2.0,0.8112781244591301,0.40563906222956503,False,1854,False,0.0,0.0,-0.037340709202302,True,squad2
5a637c6268151a001a922311,FLAN-T5-base,squad2,True,3,1.0,-1.6017132519074577e-15,-8.008566259537289e-16,True,unanswerable,True,1.0,1.0,-0.00023880867502157344,True,squad2
5a637c6268151a001a922312,FLAN-T5-base,squad2,False,0,,,,,,,,,,True,squad2
5a6381d868151a001a922323,FLAN-T5-base,squad2,False,1,,,,,,,,,,True,squad2
5a6381d868151a001a922325,FLAN-T5-base,squad2,False,1,,,,,,,,,,True,squad2
5a6381d868151a001a922326,FLAN-T5-base,squad2,False,2,,,,,,,,,,True,squad2
5a6391c268151a001a922390,FLAN-T5-base,squad2,True,3,1.0,-1.6017132519074577e-15,-8.008566259537289e-16,True,unanswerable,True,1.0,1.0,-0.01934994790658493,True,squad2
5ad23fded7d075001a4288ff,FLAN-T5-base,squad2,False,0,,,,,,,,,,True,squad2
5ad24a2ad7d075001a428bbc,FLAN-T5-base,squad2,False,1,,,,,,,,,,True,squad2
5ad25e99d7d075001a428f2e,FLAN-T5-base,squad2,True,3,2.0,0.9999999999999971,0.49999999999999856,False,North America,False,0.0,0.0,-0.23207888597001633,True,squad2
5ad25e99d7d075001a428f32,FLAN-T5-base,squad2,False,2,,,,,,,,,,True,squad2
57107a3ea58dae1900cd69e0,FLAN-T5-base,squad2,True,3,1.0,-1.6017132519074577e-15,-8.008566259537289e-16,True,1697,True,1.0,1.0,-0.01818917606336375,False,squad2
57107c24a58dae1900cd69e8,FLAN-T5-base,squad2,False,0,,,,,,,,,,False,squad2
5ad24057d7d075001a42892e,FLAN-T5-base,squad2,False,1,,,,,,,,,,True,squad2
5ad24057d7d075001a42892f,FLAN-T5-base,squad2,False,1,,,,,,,,,,True,squad2
5ad24057d7d075001a428930,FLAN-T5-base,squad2,True,3,2.0,0.9999999999999971,0.49999999999999856,False,unanswerable,True,1.0,1.0,-0.20051507931556783,True,squad2
57107e6ca58dae1900cd69f2,FLAN-T5-base,squad2,True,3,1.0,-1.6017132519074577e-15,-8.008566259537289e-16,True,The Catholic Church in France,True,1.0,1.0,-0.19473996597662335,False,squad2
57108c95b654c5140001f97b,FLAN-T5-base,squad2,False,2,,,,,,,,,,False,squad2
57108c95b654c5140001f97c,FLAN-T5-base,squad2,False,2,,,,,,,,,,False,squad2
57108d69b654c5140001f983,FLAN-T5-base,squad2,False,2,,,,,,,,,,False,squad2
5ad26c87d7d075001a42939b,FLAN-T5-base,squad2,False,0,,,,,,,,,,True,squad2
57109180a58dae1900cd6a44,FLAN-T5-base,squad2,False,0,,,,,,,,,,False,squad2
5ad27081d7d075001a429456,FLAN-T5-base,squad2,False,2,,,,,,,,,,True,squad2
5ad25963d7d075001a428e0c,FLAN-T5-base,squad2,True,3,1.0,-1.6017132519074577e-15,-8.008566259537289e-16,True,unanswerable,True,1.0,1.0,-0.027343847952664646,True,squad2
571097baa58dae1900cd6a9a,FLAN-T5-base,squad2,False,2,,,,,,,,,,False,squad2
571098f8a58dae1900cd6ab2,FLAN-T5-base,squad2,False,1,,,,,,,,,,False,squad2
5710e8c8a58dae1900cd6b27,FLAN-T5-base,squad2,False,2,,,,,,,,,,False,squad2
5ad26278d7d075001a4290af,FLAN-T5-base,squad2,False,2,,,,,,,,,,True,squad2
5ad266f8d7d075001a42920a,FLAN-T5-base,squad2,False,1,,,,,,,,,,True,squad2
5ad240eed7d075001a428940,FLAN-T5-base,squad2,False,2,,,,,,,,,,True,squad2
571112ada58dae1900cd6bce,FLAN-T5-base,squad2,False,2,,,,,,,,,,False,squad2
57111428b654c5140001fb01,FLAN-T5-base,squad2,False,1,,,,,,,,,,False,squad2
5ad24600d7d075001a428acc,FLAN-T5-base,squad2,True,3,2.0,0.8112781244591301,0.40563906222956503,False,"Nearly 3,000 Protestants",False,0.0,0.0,-0.1508039609379921,True,squad2
5ad264d7d7d075001a429174,FLAN-T5-base,squad2,False,2,,,,,,,,,,True,squad2
57111992b654c5140001fb46,FLAN-T5-base,squad2,False,2,,,,,,,,,,False,squad2
5ad26dbcd7d075001a4293d7,FLAN-T5-base,squad2,False,2,,,,,,,,,,True,squad2
5ad3c637604f3c001a3ff01a,FLAN-T5-base,squad2,False,0,,,,,,,,,,True,squad2
5ad3c637604f3c001a3ff01b,FLAN-T5-base,squad2,False,0,,,,,,,,,,True,squad2
571135b8a58dae1900cd6d11,FLAN-T5-base,squad2,False,2,,,,,,,,,,False,squad2
57113ba6b654c5140001fc1f,FLAN-T5-base,squad2,False,2,,,,,,,,,,False,squad2
5ad40ec6604f3c001a400131,FLAN-T5-base,squad2,False,2,,,,,,,,,,True,squad2
5ad3bf63604f3c001a3fef5e,FLAN-T5-base,squad2,False,0,,,,,,,,,,True,squad2
57113c6da58dae1900cd6d36,FLAN-T5-base,squad2,True,3,1.0,-1.6017132519074577e-15,-8.008566259537289e-16,True,1606,True,1.0,1.0,-0.002737376450871428,False,squad2
57113f83b654c5140001fc2c,FLAN-T5-base,squad2,False,2,,,,,,,,,,False,squad2
5ad3cc47604f3c001a3ff143,FLAN-T5-base,squad2,True,3,1.0,-1.6017132519074577e-15,-8.008566259537289e-16,True,unanswerable,True,1.0,1.0,-0.003007670590295675,True,squad2
5ad3d3af604f3c001a3ff296,FLAN-T5-base,squad2,False,2,,,,,,,,,,True,squad2
57114667a58dae1900cd6d84,FLAN-T5-base,squad2,False,2,,,,,,,,,,False,squad2
5ad3ed37604f3c001a3ff7a3,FLAN-T5-base,squad2,True,3,2.0,0.9999999999999971,0.49999999999999856,False,90°,False,0.0,0.0,-0.1243502472837766,True,squad2
5ad3f03c604f3c001a3ff82c,FLAN-T5-base,squad2,False,1,,,,,,,,,,True,squad2
5ad3f4ed604f3c001a3ff967,FLAN-T5-base,squad2,True,3,1.0,-1.6017132519074577e-15,-8.008566259537289e-16,True,making the steam flow only in one direction,False,0.0,0.0,-0.09716164496866339,True,squad2
5ad3fc1f604f3c001a3ffb7c,FLAN-T5-base,squad2,False,2,,,,,,,,,,True,squad2
5ad415fd604f3c001a400328,FLAN-T5-base,squad2,True,3,2.0,0.8112781244591301,0.40563906222956503,False,open loop,False,0.0,0.0,-0.5178093213902079,True,squad2
57114e8d50c2381900b54a5d,FLAN-T5-base,squad2,False,1,,,,,,,,,,False,squad2
57114f0050c2381900b54a65,FLAN-T5-base,squad2,False,1,,,,,,,,,,False,squad2
57114f0050c2381900b54a66,FLAN-T5-base,squad2,False,2,,,,,,,,,,False,squad2
571153422419e3140095557d,FLAN-T5-base,squad2,False,1,,,,,,,,,,False,squad2
571154c72419e31400955588,FLAN-T5-base,squad2,False,1,,,,,,,,,,False,squad2
571155ae2419e31400955592,FLAN-T5-base,squad2,False,2,,,,,,,,,,False,squad2
571156152419e3140095559c,FLAN-T5-base,squad2,False,2,,,,,,,,,,False,squad2
5ad41813604f3c001a4003de,FLAN-T5-base,squad2,False,2,,,,,,,,,,True,squad2
57115b2850c2381900b54a82,FLAN-T5-base,squad2,False,2,,,,,,,,,,False,squad2
57115bf350c2381900b54a96,FLAN-T5-base,squad2,True,3,2.0,0.8112781244591301,0.40563906222956503,False,8.8 lb,False,0.0,0.6666666666666666,-0.20737316688090296,False,squad2
57115bf350c2381900b54a97,FLAN-T5-base,squad2,False,2,,,,,,,,,,False,squad2
5ad3d7e0604f3c001a3ff35e,FLAN-T5-base,squad2,False,0,,,,,,,,,,True,squad2
57115dbe2419e314009555a7,FLAN-T5-base,squad2,False,0,,,,,,,,,,False,squad2
5ad3ee11604f3c001a3ff7d9,FLAN-T5-base,squad2,False,2,,,,,,,,,,True,squad2
57115f652419e314009555bb,FLAN-T5-base,squad2,True,3,1.0,-1.6017132519074577e-15,-8.008566259537289e-16,True,1606,True,1.0,1.0,-0.007531522254187924,False,squad2
5ad3f689604f3c001a3ff9e4,FLAN-T5-base,squad2,False,0,,,,,,,,,,True,squad2
5ad3c3bc604f3c001a3fefa0,FLAN-T5-base,squad2,False,2,,,,,,,,,,True,squad2
5711619950c2381900b54ab0,FLAN-T5-base,squad2,False,0,,,,,,,,,,False,squad2
5711623e50c2381900b54aba,FLAN-T5-base,squad2,False,1,,,,,,,,,,False,squad2
5711658e50c2381900b54ad8,FLAN-T5-base,squad2,False,2,,,,,,,,,,False,squad2
5711669550c2381900b54ae3,FLAN-T5-base,squad2,False,2,,,,,,,,,,False,squad2
571c3e8cdd7acb1400e4c0a9,FLAN-T5-base,squad2,False,1,,,,,,,,,,False,squad2
5ad22a96d7d075001a4285dd,FLAN-T5-base,squad2,False,0,,,,,,,,,,True,squad2
571c7abfdd7acb1400e4c0bc,FLAN-T5-base,squad2,False,1,,,,,,,,,,False,squad2
571c7abfdd7acb1400e4c0bd,FLAN-T5-base,squad2,True,3,1.0,-1.6017132519074577e-15,-8.008566259537289e-16,True,Leonardo da Vinci,True,1.0,1.0,-0.0029364862442236017,False,squad2
571cebc05efbb31900334e49,FLAN-T5-base,squad2,False,1,,,,,,,,,,False,squad2
5ad26235d7d075001a429083,FLAN-T5-base,squad2,False,2,,,,,,,,,,True,squad2
5ad23e1bd7d075001a4288b4,FLAN-T5-base,squad2,False,1,,,,,,,,,,True,squad2
5ad23e1bd7d075001a4288b5,FLAN-T5-base,squad2,True,3,2.0,0.8112781244591301,0.40563906222956503,False,"giving the atomic mass of oxygen as 8 times that of hydrogen, instead of the modern value of about 16.",False,0.0,0.0,-0.07355183365499492,True,squad2
5ad23e1bd7d075001a4288b8,FLAN-T5-base,squad2,False,1,,,,,,,,,,True,squad2
5ad22b87d7d075001a428601,FLAN-T5-base,squad2,False,2,,,,,,,,,,True,squad2
571c8539dd7acb1400e4c0e4,FLAN-T5-base,squad2,True,3,2.0,0.9999999999999971,0.49999999999999856,False,his work was published first,True,1.0,1.0,-0.12433297658571973,False,squad2
571c8eb9dd7acb1400e4c0f6,FLAN-T5-base,squad2,False,2,,,,,,,,,,False,squad2
5ad24ce8d7d075001a428c0c,FLAN-T5-base,squad2,False,2,,,,,,,,,,True,squad2
5ad24ff3d7d075001a428ca4,FLAN-T5-base,squad2,True,3,1.0,-1.6017132519074577e-15,-8.008566259537289e-16,True,Oxygen,False,0.0,0.0,-0.01846368192582304,True,squad2
571caac55efbb31900334dc9,FLAN-T5-base,squad2,False,2,,,,,,,,,,False,squad2
5ad245f9d7d075001a428ac1,FLAN-T5-base,squad2,False,2,,,,,,,,,,True,squad2
5ad245f9d7d075001a428ac3,FLAN-T5-base,squad2,False,1,,,,,,,,,,True,squad2
5ad254a5d7d075001a428d25,FLAN-T5-base,squad2,False,1,,,,,,,,,,True,squad2
571cca4add7acb1400e4c152,FLAN-T5-base,squad2,False,1,,,,,,,,,,False,squad2
5ad25bf3d7d075001a428e95,FLAN-T5-base,squad2,False,1,,,,,,,,,,True,squad2
5ad25f35d7d075001a428f6b,FLAN-T5-base,squad2,False,1,,,,,,,,,,True,squad2
5ad25e70d7d075001a428f1f,FLAN-T5-base,squad2,False,1,,,,,,,,,,True,squad2
5ad261bad7d075001a429052,FLAN-T5-base,squad2,True,3,1.0,-1.6017132519074577e-15,-8.008566259537289e-16,True,unanswerable,True,1.0,1.0,-0.004755373577938826,True,squad2
571cda1bdd7acb1400e4c196,FLAN-T5-base,squad2,True,3,2.0,0.8112781244591301,0.40563906222956503,False,Oxygen storage methods,False,0.0,0.8,-0.13356863178645048,False,squad2
5ad26530d7d075001a4291a1,FLAN-T5-base,squad2,False,2,,,,,,,,,,True,squad2
5a38aa28a4b263001a8c1882,FLAN-T5-base,squad2,False,1,,,,,,,,,,True,squad2
5a38aa28a4b263001a8c1883,FLAN-T5-base,squad2,False,2,,,,,,,,,,True,squad2
5a38ab9fa4b263001a8c188d,FLAN-T5-base,squad2,True,3,1.0,-1.6017132519074577e-15,-8.008566259537289e-16,True,unanswerable,True,1.0,1.0,-0.013643113194461876,True,squad2
5a75054b97ca42001a521dd0,FLAN-T5-base,squad2,False,1,,,,,,,,,,True,squad2
5a38ace7a4b263001a8c1897,FLAN-T5-base,squad2,False,0,,,,,,,,,,True,squad2
5a75082a97ca42001a521df6,FLAN-T5-base,squad2,False,0,,,,,,,,,,True,squad2
57261dab38643c19005ad037,FLAN-T5-base,squad2,False,2,,,,,,,,,,False,squad2
57261dab38643c19005ad039,FLAN-T5-base,squad2,False,0,,,,,,,,,,False,squad2
5a38b468a4b263001a8c18b4,FLAN-T5-base,squad2,False,1,,,,,,,,,,True,squad2
57261f9f271a42140099d4a9,FLAN-T5-base,squad2,False,2,,,,,,,,,,False,squad2
57261f9f271a42140099d4ab,FLAN-T5-base,squad2,False,0,,,,,,,,,,False,squad2
57261f9f271a42140099d4ac,FLAN-T5-base,squad2,False,1,,,,,,,,,,False,squad2
5a38b5bca4b263001a8c18bd,FLAN-T5-base,squad2,False,0,,,,,,,,,,True,squad2
5a38b819a4b263001a8c18c6,FLAN-T5-base,squad2,True,3,2.0,0.8112781244591301,0.40563906222956503,False,usually required five to ten years before significant production,False,0.0,0.0,-0.10234758838557602,True,squad2
5a38bbe3a4b263001a8c18e5,FLAN-T5-base,squad2,False,1,,,,,,,,,,True,squad2
572650325951b619008f6fa9,FLAN-T5-base,squad2,False,1,,,,,,,,,,False,squad2
572650325951b619008f6fab,FLAN-T5-base,squad2,False,1,,,,,,,,,,False,squad2
5a38c34ea4b263001a8c190e,FLAN-T5-base,squad2,True,3,1.0,-1.6017132519074577e-15,-8.008566259537289e-16,True,a British intelligence estimate of U.S. intentions,False,0.0,0.0,-0.08720721714862141,True,squad2
57265526708984140094c2c1,FLAN-T5-base,squad2,True,3,1.0,-1.6017132519074577e-15,-8.008566259537289e-16,True,November 1979,True,1.0,1.0,-0.0105447566844911,False,squad2
57265bdfdd62a815002e82a1,FLAN-T5-base,squad2,False,0,,,,,,,,,,False,squad2
57265e11708984140094c3bc,FLAN-T5-base,squad2,False,2,,,,,,,,,,False,squad2
57268b43dd62a815002e88f2,FLAN-T5-base,squad2,False,1,,,,,,,,,,False,squad2
5725c3a9ec44d21400f3d505,FLAN-T5-base,squad2,False,1,,,,,,,,,,False,squad2
5725c3a9ec44d21400f3d506,FLAN-T5-base,squad2,True,3,3.0,1.4999999999999956,0.7499999999999978,False,international law,True,1.0,1.0,-0.2728077669768633,False,squad2
5ad10e0f645df0001a2d0b75,FLAN-T5-base,squad2,False,2,,,,,,,,,,True,squad2
5725c743ec44d21400f3d54b,FLAN-T5-base,squad2,False,2,,,,,,,,,,False,squad2
5ad10ece645df0001a2d0b9a,FLAN-T5-base,squad2,False,1,,,,,,,,,,True,squad2
5725cc38ec44d21400f3d5be,FLAN-T5-base,squad2,True,3,2.0,0.8112781244591301,0.40563906222956503,False,Norway did not end up joining,False,0.0,0.8,-0.07825380126554851,False,squad2
57264865dd62a815002e8063,FLAN-T5-base,squad2,True,3,2.0,0.8112781244591301,0.40563906222956503,False,France and the Netherlands,False,0.0,0.6,-0.07353729251772165,False,squad2
57264a8cdd62a815002e808d,FLAN-T5-base,squad2,False,0,,,,,,,,,,False,squad2
57264a8cdd62a815002e808e,FLAN-T5-base,squad2,False,1,,,,,,,,,,False,squad2
5726545f708984140094c2a7,FLAN-T5-base,squad2,False,1,,,,,,,,,,False,squad2
57269424dd62a815002e8a1e,FLAN-T5-base,squad2,False,1,,,,,,,,,,False,squad2
5ad1373b645df0001a2d11cf,FLAN-T5-base,squad2,False,2,,,,,,,,,,True,squad2
572695285951b619008f774d,FLAN-T5-base,squad2,False,1,,,,,,,,,,False,squad2
5726965ef1498d1400e8e488,FLAN-T5-base,squad2,False,1,,,,,,,,,,False,squad2
5ad139b2645df0001a2d1294,FLAN-T5-base,squad2,True,3,2.0,0.8112781244591301,0.40563906222956503,False,28,False,0.0,0.0,-0.3744818586856127,True,squad2
5ad139b2645df0001a2d1296,FLAN-T5-base,squad2,False,0,,,,,,,,,,True,squad2
5ad13b23645df0001a2d12fa,FLAN-T5-base,squad2,False,1,,,,,,,,,,True,squad2
57269aa65951b619008f77ab,FLAN-T5-base,squad2,False,2,,,,,,,,,,False,squad2
57269aa65951b619008f77ae,FLAN-T5-base,squad2,False,2,,,,,,,,,,False,squad2
57269e3bf1498d1400e8e517,FLAN-T5-base,squad2,False,1,,,,,,,,,,False,squad2
5726a00cf1498d1400e8e551,FLAN-T5-base,squad2,True,3,1.0,-1.6017132519074577e-15,-8.008566259537289e-16,True,"fundamental rights (see human rights), proportionality, legal certainty, equality before the law and subsidiarity",True,1.0,1.0,-0.01566757609498876,False,squad2
5ad14468645df0001a2d148c,FLAN-T5-base,squad2,False,2,,,,,,,,,,True,squad2
5ad14573645df0001a2d14b4,FLAN-T5-base,squad2,False,1,,,,,,,,,,True,squad2
5ad146c0645df0001a2d1504,FLAN-T5-base,squad2,False,2,,,,,,,,,,True,squad2
5ad14966645df0001a2d1581,FLAN-T5-base,squad2,False,1,,,,,,,,,,True,squad2
5ad14b2e645df0001a2d15ea,FLAN-T5-base,squad2,False,2,,,,,,,,,,True,squad2
5726a7ecf1498d1400e8e655,FLAN-T5-base,squad2,False,1,,,,,,,,,,False,squad2
5ad15289645df0001a2d175c,FLAN-T5-base,squad2,False,0,,,,,,,,,,True,squad2
5ad153e9645df0001a2d1797,FLAN-T5-base,squad2,False,0,,,,,,,,,,True,squad2
5726baf2dd62a815002e8e74,FLAN-T5-base,squad2,False,1,,,,,,,,,,False,squad2
5ad15676645df0001a2d17f6,FLAN-T5-base,squad2,False,1,,,,,,,,,,True,squad2
5ad15676645df0001a2d17f7,FLAN-T5-base,squad2,False,1,,,,,,,,,,True,squad2
5ad15676645df0001a2d17f8,FLAN-T5-base,squad2,False,1,,,,,,,,,,True,squad2
5ad158c0645df0001a2d182b,FLAN-T5-base,squad2,False,1,,,,,,,,,,True,squad2
5726c002708984140094d074,FLAN-T5-base,squad2,False,1,,,,,,,,,,False,squad2
5ad15a11645df0001a2d185a,FLAN-T5-base,squad2,False,2,,,,,,,,,,True,squad2
5726c3da708984140094d0db,FLAN-T5-base,squad2,False,1,,,,,,,,,,False,squad2
5726c5a9f1498d1400e8eac5,FLAN-T5-base,squad2,False,2,,,,,,,,,,False,squad2
5ad15b19645df0001a2d1880,FLAN-T5-base,squad2,False,1,,,,,,,,,,True,squad2
5728349dff5b5019007d9eff,FLAN-T5-base,squad2,True,3,2.0,0.8112781244591301,0.40563906222956503,False,The Amazon rainforest,True,1.0,1.0,-0.19726384978275746,False,squad2
57283adcff5b5019007d9f96,FLAN-T5-base,squad2,False,1,,,,,,,,,,False,squad2
5729e500af94a219006aa6b5,FLAN-T5-base,squad2,True,3,2.0,0.9999999999999971,0.49999999999999856,False,Cretaceous–Paleogene,False,0.0,0.5,-0.07977985742213954,False,squad2
5a0c6a7ef5590b0018dab3f8,FLAN-T5-base,squad2,False,1,,,,,,,,,,True,squad2
5725c41eec44d21400f3d50d,FLAN-T5-base,squad2,False,2,,,,,,,,,,False,squad2
5a0c6c78f5590b0018dab404,FLAN-T5-base,squad2,False,0,,,,,,,,,,True,squad2
5725c63438643c19005acca0,FLAN-T5-base,squad2,False,2,,,,,,,,,,False,squad2
5725c63438643c19005acca1,FLAN-T5-base,squad2,True,3,1.0,-1.6017132519074577e-15,-8.008566259537289e-16,True,"1,600 miles",True,1.0,1.0,-0.13709205414670578,False,squad2
5729ea263f37b319004785bd,FLAN-T5-base,squad2,False,1,,,,,,,,,,False,squad2
5729ea263f37b319004785be,FLAN-T5-base,squad2,True,3,1.0,-1.6017132519074577e-15,-8.008566259537289e-16,True,NASA,True,1.0,1.0,-0.045768968760967255,False,squad2
5725c95f38643c19005accf6,FLAN-T5-base,squad2,False,1,,,,,,,,,,False,squad2
5729eb34af94a219006aa6cc,FLAN-T5-base,squad2,False,2,,,,,,,,,,False,squad2
5729edd56aef051400155112,FLAN-T5-base,squad2,False,1,,,,,,,,,,False,squad2
5a0c7cb3f5590b0018dab42a,FLAN-T5-base,squad2,False,1,,,,,,,,,,True,squad2
5a0c7cb3f5590b0018dab42c,FLAN-T5-base,squad2,False,0,,,,,,,,,,True,squad2
5726722bdd62a815002e852b,FLAN-T5-base,squad2,False,0,,,,,,,,,,False,squad2
5729f3831d0469140077967f,FLAN-T5-base,squad2,False,2,,,,,,,,,,False,squad2
5729fd56af94a219006aa731,FLAN-T5-base,squad2,True,3,2.0,0.8112781244591301,0.40563906222956503,False,slash and burn,True,1.0,1.0,-0.10664251821678288,False,squad2
5a0c817df5590b0018dab458,FLAN-T5-base,squad2,False,2,,,,,,,,,,True,squad2
572a020f6aef051400155198,FLAN-T5-base,squad2,True,3,2.0,0.8112781244591301,0.40563906222956503,False,biodiversity,True,1.0,1.0,-0.006615925638470799,False,squad2
5a0c9275f5590b0018dab46b,FLAN-T5-base,squad2,False,0,,,,,,,,,,True,squad2
5a0c958bf5590b0018dab47f,FLAN-T5-base,squad2,False,1,,,,,,,,,,True,squad2
572a09abaf94a219006aa75c,FLAN-T5-base,squad2,False,0,,,,,,,,,,False,squad2
5a0c9832f5590b0018dab490,FLAN-T5-base,squad2,False,2,,,,,,,,,,True,squad2
5a0c99fcf5590b0018dab4a5,FLAN-T5-base,squad2,False,1,,,,,,,,,,True,squad2
57263eaa38643c19005ad372,FLAN-T5-base,squad2,False,2,,,,,,,,,,False,squad2
5a8349a2e60761001a2eb50a,FLAN-T5-base,squad2,True,3,2.0,0.9999999999999971,0.49999999999999856,False,combs,False,0.0,0.0,-0.33697733795270324,True,squad2
5725c57a89a1e219009abe62,FLAN-T5-base,squad2,False,2,,,,,,,,,,False,squad2
5726415bec44d21400f3dcd5,FLAN-T5-base,squad2,False,0,,,,,,,,,,False,squad2
5a834caae60761001a2eb539,FLAN-T5-base,squad2,False,2,,,,,,,,,,True,squad2
5725c69738643c19005accbb,FLAN-T5-base,squad2,False,2,,,,,,,,,,False,squad2
5a834dbde60761001a2eb555,FLAN-T5-base,squad2,False,2,,,,,,,,,,True,squad2
5a834dbde60761001a2eb559,FLAN-T5-base,squad2,False,2,,,,,,,,,,True,squad2
5725c91e38643c19005acced,FLAN-T5-base,squad2,False,1,,,,,,,,,,False,squad2
5a835482e60761001a2eb597,FLAN-T5-base,squad2,False,1,,,,,,,,,,True,squad2
572647d0708984140094c14b,FLAN-T5-base,squad2,False,2,,,,,,,,,,False,squad2
572648e8dd62a815002e8079,FLAN-T5-base,squad2,False,1,,,,,,,,,,False,squad2
57264a0ef1498d1400e8db42,FLAN-T5-base,squad2,False,2,,,,,,,,,,False,squad2
5a835b42e60761001a2eb60f,FLAN-T5-base,squad2,False,1,,,,,,,,,,True,squad2
5a835b42e60761001a2eb611,FLAN-T5-base,squad2,False,1,,,,,,,,,,True,squad2
57264b1ddd62a815002e80a0,FLAN-T5-base,squad2,False,0,,,,,,,,,,False,squad2
57264cfa708984140094c1c4,FLAN-T5-base,squad2,False,1,,,,,,,,,,False,squad2
57264cfa708984140094c1c7,FLAN-T5-base,squad2,False,0,,,,,,,,,,False,squad2
5a836496e60761001a2eb657,FLAN-T5-base,squad2,False,2,,,,,,,,,,True,squad2
5a836496e60761001a2eb65b,FLAN-T5-base,squad2,False,2,,,,,,,,,,True,squad2
572658daf1498d1400e8dcac,FLAN-T5-base,squad2,False,1,,,,,,,,,,False,squad2
572658daf1498d1400e8dcae,FLAN-T5-base,squad2,False,2,,,,,,,,,,False,squad2
57265aaf5951b619008f706c,FLAN-T5-base,squad2,False,0,,,,,,,,,,False,squad2
57265aaf5951b619008f706d,FLAN-T5-base,squad2,False,1,,,,,,,,,,False,squad2
5a83894de60761001a2eb78b,FLAN-T5-base,squad2,False,0,,,,,,,,,,True,squad2
5a83894de60761001a2eb78c,FLAN-T5-base,squad2,True,3,2.0,0.8112781244591301,0.40563906222956503,False,"zip"" the mouth shut",False,0.0,0.0,-0.13396667465193396,True,squad2
572683075951b619008f7513,FLAN-T5-base,squad2,False,1,,,,,,,,,,False,squad2
572683075951b619008f7516,FLAN-T5-base,squad2,False,2,,,,,,,,,,False,squad2
572683075951b619008f7517,FLAN-T5-base,squad2,False,1,,,,,,,,,,False,squad2
5a838db9e60761001a2eb7bb,FLAN-T5-base,squad2,False,2,,,,,,,,,,True,squad2
5726887e708984140094c917,FLAN-T5-base,squad2,False,1,,,,,,,,,,False,squad2
5a8398bbe60761001a2eb807,FLAN-T5-base,squad2,False,2,,,,,,,,,,True,squad2
5a839ccfe60761001a2eb823,FLAN-T5-base,squad2,False,2,,,,,,,,,,True,squad2
5a7b064b21c2de001afe9ce3,FLAN-T5-base,squad2,False,1,,,,,,,,,,True,squad2
5a7b064b21c2de001afe9ce6,FLAN-T5-base,squad2,False,2,,,,,,,,,,True,squad2
5725d7e438643c19005acdf9,FLAN-T5-base,squad2,False,1,,,,,,,,,,False,squad2
5725d7e438643c19005acdfb,FLAN-T5-base,squad2,True,3,2.0,0.8112781244591301,0.40563906222956503,False,San Joaquin Light & Power Building,True,1.0,1.0,-0.02939801401457358,False,squad2
5a7b093b21c2de001afe9d0d,FLAN-T5-base,squad2,False,2,,,,,,,,,,True,squad2
5725daa8ec44d21400f3d6b3,FLAN-T5-base,squad2,False,1,,,,,,,,,,False,squad2
5a7b0e2221c2de001afe9d14,FLAN-T5-base,squad2,False,2,,,,,,,,,,True,squad2
5a7b0ec521c2de001afe9d20,FLAN-T5-base,squad2,True,3,1.0,-1.6017132519074577e-15,-8.008566259537289e-16,True,Chestnut Avenue,False,0.0,0.0,-0.01745947344460319,True,squad2
5725dd7d89a1e219009abfed,FLAN-T5-base,squad2,False,1,,,,,,,,,,False,squad2
5a7b103b21c2de001afe9d35,FLAN-T5-base,squad2,True,3,1.0,-1.6017132519074577e-15,-8.008566259537289e-16,True,unanswerable,True,1.0,1.0,-0.06620479768338328,True,squad2
5a7b10e021c2de001afe9d3f,FLAN-T5-base,squad2,False,2,,,,,,,,,,True,squad2
5725ec8289a1e219009ac0af,FLAN-T5-base,squad2,False,1,,,,,,,,,,False,squad2
5725ec8289a1e219009ac0b0,FLAN-T5-base,squad2,True,3,1.0,-1.6017132519074577e-15,-8.008566259537289e-16,True,1914,True,1.0,1.0,-0.0010264878219459206,False,squad2
5a7b32e621c2de001afe9db5,FLAN-T5-base,squad2,False,2,,,,,,,,,,True,squad2
5725f190ec44d21400f3d771,FLAN-T5-base,squad2,False,1,,,,,,,,,,False,squad2
5725f2c838643c19005aceed,FLAN-T5-base,squad2,False,1,,,,,,,,,,False,squad2
5725f2c838643c19005acef0,FLAN-T5-base,squad2,True,3,1.0,-1.6017132519074577e-15,-8.008566259537289e-16,True,22 miles,True,1.0,1.0,-0.15075655654072762,False,squad2
5a7b359f21c2de001afe9dd3,FLAN-T5-base,squad2,False,1,,,,,,,,,,True,squad2
5a7b359f21c2de001afe9dd4,FLAN-T5-base,squad2,False,1,,,,,,,,,,True,squad2
5725f7cd38643c19005acf24,FLAN-T5-base,squad2,False,2,,,,,,,,,,False,squad2
5a7b3f0f21c2de001afe9e02,FLAN-T5-base,squad2,False,2,,,,,,,,,,True,squad2
5a7b44ae21c2de001afe9e22,FLAN-T5-base,squad2,False,2,,,,,,,,,,True,squad2
5725fe63ec44d21400f3d7e0,FLAN-T5-base,squad2,False,0,,,,,,,,,,False,squad2
5a605197eae51e001ab14d0e,FLAN-T5-base,squad2,False,1,,,,,,,,,,True,squad2
5a60556eeae51e001ab14d17,FLAN-T5-base,squad2,False,2,,,,,,,,,,True,squad2
5726356938643c19005ad301,FLAN-T5-base,squad2,False,1,,,,,,,,,,False,squad2
5a6057f0eae51e001ab14d20,FLAN-T5-base,squad2,False,1,,,,,,,,,,True,squad2
5726249538643c19005ad081,FLAN-T5-base,squad2,False,0,,,,,,,,,,False,squad2
5a5508f5134fea001a0e1828,FLAN-T5-base,squad2,False,1,,,,,,,,,,True,squad2
5a564c956349e2001acdcd1e,FLAN-T5-base,squad2,False,0,,,,,,,,,,True,squad2
5a667f50846392001a1e1c69,FLAN-T5-base,squad2,False,0,,,,,,,,,,True,squad2
5a667f50846392001a1e1c6a,FLAN-T5-base,squad2,False,2,,,,,,,,,,True,squad2
5726385e271a42140099d797,FLAN-T5-base,squad2,False,1,,,,,,,,,,False,squad2
5a605cdce9e1cc001a33cd4c,FLAN-T5-base,squad2,False,1,,,,,,,,,,True,squad2
5a668172f038b7001ab0bef9,FLAN-T5-base,squad2,False,1,,,,,,,,,,True,squad2
5726398589a1e219009ac58a,FLAN-T5-base,squad2,False,2,,,,,,,,,,False,squad2
5a550f98134fea001a0e189c,FLAN-T5-base,squad2,False,1,,,,,,,,,,True,squad2
5a550f98134fea001a0e18a0,FLAN-T5-base,squad2,False,2,,,,,,,,,,True,squad2
5a55114d134fea001a0e18c4,FLAN-T5-base,squad2,False,1,,,,,,,,,,True,squad2
57263ea0271a42140099d7c3,FLAN-T5-base,squad2,False,2,,,,,,,,,,False,squad2
57263fd138643c19005ad37d,FLAN-T5-base,squad2,False,1,,,,,,,,,,False,squad2
5a551328134fea001a0e18d7,FLAN-T5-base,squad2,False,1,,,,,,,,,,True,squad2
5a551328134fea001a0e18da,FLAN-T5-base,squad2,False,1,,,,,,,,,,True,squad2
5a668fc9f038b7001ab0bfe9,FLAN-T5-base,squad2,False,2,,,,,,,,,,True,squad2
57264228ec44d21400f3dcf6,FLAN-T5-base,squad2,False,2,,,,,,,,,,False,squad2
5726431aec44d21400f3dd13,FLAN-T5-base,squad2,False,1,,,,,,,,,,False,squad2
5a55234d134fea001a0e1974,FLAN-T5-base,squad2,False,1,,,,,,,,,,True,squad2
5a669a2cf038b7001ab0c044,FLAN-T5-base,squad2,False,0,,,,,,,,,,True,squad2
5a669a2cf038b7001ab0c047,FLAN-T5-base,squad2,False,1,,,,,,,,,,True,squad2
5a2eb84ba83784001a7d2421,FLAN-T5-base,squad2,False,2,,,,,,,,,,True,squad2
5a2eb84ba83784001a7d2423,FLAN-T5-base,squad2,False,0,,,,,,,,,,True,squad2
5a2ebaada83784001a7d2440,FLAN-T5-base,squad2,False,2,,,,,,,,,,True,squad2
5a2ebb5fa83784001a7d2448,FLAN-T5-base,squad2,False,2,,,,,,,,,,True,squad2
5a2ebb5fa83784001a7d244b,FLAN-T5-base,squad2,False,2,,,,,,,,,,True,squad2
57264a74708984140094c18e,FLAN-T5-base,squad2,False,1,,,,,,,,,,False,squad2
5a2ec431a83784001a7d2451,FLAN-T5-base,squad2,True,3,2.0,0.8112781244591301,0.40563906222956503,False,unanswerable,True,1.0,1.0,-0.13643485296855715,True,squad2
5a2ec77ba83784001a7d2466,FLAN-T5-base,squad2,False,2,,,,,,,,,,True,squad2
57264cc6dd62a815002e80e8,FLAN-T5-base,squad2,False,2,,,,,,,,,,False,squad2
57264e2f708984140094c1e5,FLAN-T5-base,squad2,False,2,,,,,,,,,,False,squad2
5a2eca47a83784001a7d2482,FLAN-T5-base,squad2,True,3,1.0,-1.6017132519074577e-15,-8.008566259537289e-16,True,unanswerable,True,1.0,1.0,-0.006610417156264248,True,squad2
57264f18f1498d1400e8dbaf,FLAN-T5-base,squad2,False,1,,,,,,,,,,False,squad2
5a2ecb43a83784001a7d248b,FLAN-T5-base,squad2,False,1,,,,,,,,,,True,squad2
5a2ecbe9a83784001a7d2497,FLAN-T5-base,squad2,False,1,,,,,,,,,,True,squad2
5726509bdd62a815002e815e,FLAN-T5-base,squad2,False,1,,,,,,,,,,False,squad2
5a2eced7a83784001a7d24b5,FLAN-T5-base,squad2,False,1,,,,,,,,,,True,squad2
5726542ff1498d1400e8dc2b,FLAN-T5-base,squad2,False,1,,,,,,,,,,False,squad2
572654e2708984140094c2b9,FLAN-T5-base,squad2,False,1,,,,,,,,,,False,squad2
5726559edd62a815002e81c8,FLAN-T5-base,squad2,False,1,,,,,,,,,,False,squad2
5726559edd62a815002e81c9,FLAN-T5-base,squad2,False,0,,,,,,,,,,False,squad2
5a2ed246a83784001a7d24e5,FLAN-T5-base,squad2,False,2,,,,,,,,,,True,squad2
57265700dd62a815002e8212,FLAN-T5-base,squad2,False,0,,,,,,,,,,False,squad2
5726577f708984140094c304,FLAN-T5-base,squad2,True,3,2.0,0.9999999999999971,0.49999999999999856,False,two-thirds,False,0.0,0.4,-0.1319359715329483,False,squad2
5a2ed525a83784001a7d2504,FLAN-T5-base,squad2,False,0,,,,,,,,,,True,squad2
5a58cfd63e1742001a15ce36,FLAN-T5-base,squad2,False,1,,,,,,,,,,True,squad2
57265d08708984140094c39b,FLAN-T5-base,squad2,False,0,,,,,,,,,,False,squad2
5a57ca90770dc0001aeefd71,FLAN-T5-base,squad2,False,2,,,,,,,,,,True,squad2
5a58d33e3e1742001a15ce40,FLAN-T5-base,squad2,False,1,,,,,,,,,,True,squad2
5a57cc97770dc0001aeefd84,FLAN-T5-base,squad2,False,1,,,,,,,,,,True,squad2
5a57d668770dc0001aeefdea,FLAN-T5-base,squad2,False,0,,,,,,,,,,True,squad2
5a58e9133e1742001a15cea6,FLAN-T5-base,squad2,True,3,3.0,1.4999999999999956,0.7499999999999978,False,unanswerable,True,1.0,1.0,-0.41687822317734347,True,squad2
5a57eee0770dc0001aeefed9,FLAN-T5-base,squad2,False,2,,,,,,,,,,True,squad2
5a57f0ea770dc0001aeefee3,FLAN-T5-base,squad2,False,2,,,,,,,,,,True,squad2
57266c015951b619008f723b,FLAN-T5-base,squad2,True,3,2.0,0.8112781244591301,0.40563906222956503,False,fossil sequences in which there was datable material,False,0.0,0.4,-0.10361897840497973,False,squad2
5a57f487770dc0001aeeff00,FLAN-T5-base,squad2,True,3,1.0,-1.6017132519074577e-15,-8.008566259537289e-16,True,unanswerable,True,1.0,1.0,-0.016747869449659447,True,squad2
5a57f717770dc0001aeeff06,FLAN-T5-base,squad2,False,0,,,,,,,,,,True,squad2
5726701add62a815002e84c9,FLAN-T5-base,squad2,False,1,,,,,,,,,,False,squad2
5726701add62a815002e84cc,FLAN-T5-base,squad2,False,2,,,,,,,,,,False,squad2
5a57fb62770dc0001aeeff14,FLAN-T5-base,squad2,True,3,2.0,0.8112781244591301,0.40563906222956503,False,thrust,False,0.0,0.0,-0.41069407761096954,True,squad2
5a57fe29770dc0001aeeff1d,FLAN-T5-base,squad2,False,1,,,,,,,,,,True,squad2
5a590de93e1742001a15cf5a,FLAN-T5-base,squad2,True,3,3.0,1.4999999999999956,0.7499999999999978,False,Maria Fold and Thrust Belt,False,0.0,0.0,-0.11479754368128527,True,squad2
572673f5708984140094c69c,FLAN-T5-base,squad2,False,0,,,,,,,,,,False,squad2
5a580070770dc0001aeeff39,FLAN-T5-base,squad2,False,1,,,,,,,,,,True,squad2
5a580429770dc0001aeeff48,FLAN-T5-base,squad2,False,2,,,,,,,,,,True,squad2
5a5915043e1742001a15cf6e,FLAN-T5-base,squad2,False,0,,,,,,,,,,True,squad2
5a580ab1770dc0001aeeff7c,FLAN-T5-base,squad2,False,1,,,,,,,,,,True,squad2
57267b3c5951b619008f7423,FLAN-T5-base,squad2,True,3,1.0,-1.6017132519074577e-15,-8.008566259537289e-16,True,high temperature and pressure physical experiments,False,0.0,0.6666666666666666,-0.10756935132251653,False,squad2
57267ebfdd62a815002e872c,FLAN-T5-base,squad2,True,3,1.0,-1.6017132519074577e-15,-8.008566259537289e-16,True,orogenic wedges,True,1.0,1.0,-0.01134119791095145,False,squad2
5a581597770dc0001aeeffe6,FLAN-T5-base,squad2,False,2,,,,,,,,,,True,squad2
5a592b593e1742001a15cfce,FLAN-T5-base,squad2,False,2,,,,,,,,,,True,squad2
5a592c9d3e1742001a15cfda,FLAN-T5-base,squad2,False,1,,,,,,,,,,True,squad2
57268527708984140094c8bf,FLAN-T5-base,squad2,False,1,,,,,,,,,,False,squad2
5a592e733e1742001a15cff4,FLAN-T5-base,squad2,False,1,,,,,,,,,,True,squad2
57268882f1498d1400e8e306,FLAN-T5-base,squad2,False,1,,,,,,,,,,False,squad2
57268882f1498d1400e8e308,FLAN-T5-base,squad2,False,2,,,,,,,,,,False,squad2
5a582cfa770dc0001aef0018,FLAN-T5-base,squad2,False,1,,,,,,,,,,True,squad2
5726d8bd708984140094d35f,FLAN-T5-base,squad2,False,1,,,,,,,,,,False,squad2
5726db5add62a815002e92d8,FLAN-T5-base,squad2,False,2,,,,,,,,,,False,squad2
5726dcbddd62a815002e9321,FLAN-T5-base,squad2,False,1,,,,,,,,,,False,squad2
5726dcbddd62a815002e9323,FLAN-T5-base,squad2,True,3,1.0,-1.6017132519074577e-15,-8.008566259537289e-16,True,Ranked positions,True,1.0,1.0,-0.0517580648883893,False,squad2
5a6cba504eec6b001a80a64b,FLAN-T5-base,squad2,True,3,1.0,-1.6017132519074577e-15,-8.008566259537289e-16,True,unanswerable,True,1.0,1.0,-0.027303778961572787,True,squad2
5a6cba504eec6b001a80a64c,FLAN-T5-base,squad2,False,1,,,,,,,,,,True,squad2
5726e5c95951b619008f81cc,FLAN-T5-base,squad2,False,2,,,,,,,,,,False,squad2
5a6ce4fa4eec6b001a80a688,FLAN-T5-base,squad2,False,1,,,,,,,,,,True,squad2
5a6ce4fa4eec6b001a80a68b,FLAN-T5-base,squad2,False,0,,,,,,,,,,True,squad2
5726ea985951b619008f8261,FLAN-T5-base,squad2,False,0,,,,,,,,,,False,squad2
5726eb4b5951b619008f826d,FLAN-T5-base,squad2,False,1,,,,,,,,,,False,squad2
5a6ce8ea4eec6b001a80a6b8,FLAN-T5-base,squad2,False,1,,,,,,,,,,True,squad2
5a6ce9ab4eec6b001a80a6c3,FLAN-T5-base,squad2,False,0,,,,,,,,,,True,squad2
5726f36cdd62a815002e95ff,FLAN-T5-base,squad2,False,2,,,,,,,,,,False,squad2
5a6ceb7a4eec6b001a80a6d3,FLAN-T5-base,squad2,False,2,,,,,,,,,,True,squad2
5726f48df1498d1400e8f0de,FLAN-T5-base,squad2,False,2,,,,,,,,,,False,squad2
5726f635dd62a815002e9659,FLAN-T5-base,squad2,False,2,,,,,,,,,,False,squad2
5a6ced7d4eec6b001a80a6e0,FLAN-T5-base,squad2,False,1,,,,,,,,,,True,squad2
5a6cee244eec6b001a80a6eb,FLAN-T5-base,squad2,True,3,2.0,0.8112781244591301,0.40563906222956503,False,unanswerable,True,1.0,1.0,-0.25967364302110807,True,squad2
5a6ceec84eec6b001a80a6f3,FLAN-T5-base,squad2,False,2,,,,,,,,,,True,squad2
5a6ceec84eec6b001a80a6f5,FLAN-T5-base,squad2,False,0,,,,,,,,,,True,squad2
5726f96ddd62a815002e9699,FLAN-T5-base,squad2,True,3,3.0,1.4999999999999956,0.7499999999999978,False,Australian Government,True,1.0,1.0,-0.15703662302500257,False,squad2
5a6cef5a4eec6b001a80a6fe,FLAN-T5-base,squad2,False,2,,,,,,,,,,True,squad2
5a6cefd64eec6b001a80a707,FLAN-T5-base,squad2,False,1,,,,,,,,,,True,squad2
57271c235951b619008f860f,FLAN-T5-base,squad2,False,2,,,,,,,,,,False,squad2
5728d4c03acd2414000dffa3,FLAN-T5-base,squad2,False,1,,,,,,,,,,False,squad2
5728d5793acd2414000dffb6,FLAN-T5-base,squad2,False,2,,,,,,,,,,False,squad2
5728d7c54b864d1900164f4c,FLAN-T5-base,squad2,False,1,,,,,,,,,,False,squad2
57280f974b864d1900164371,FLAN-T5-base,squad2,False,1,,,,,,,,,,False,squad2
5728d9403acd2414000e001b,FLAN-T5-base,squad2,False,1,,,,,,,,,,False,squad2
5a665002846392001a1e1ab7,FLAN-T5-base,squad2,False,0,,,,,,,,,,True,squad2
5728151b4b864d1900164429,FLAN-T5-base,squad2,False,0,,,,,,,,,,False,squad2
5728dddc2ca10214002da9d3,FLAN-T5-base,squad2,False,1,,,,,,,,,,False,squad2
5a665549846392001a1e1ad9,FLAN-T5-base,squad2,False,0,,,,,,,,,,True,squad2
5a665747846392001a1e1ae9,FLAN-T5-base,squad2,False,2,,,,,,,,,,True,squad2
5728e07e3acd2414000e00ea,FLAN-T5-base,squad2,False,1,,,,,,,,,,False,squad2
5728e3c33acd2414000e0134,FLAN-T5-base,squad2,False,2,,,,,,,,,,False,squad2
572825a92ca10214002d9f02,FLAN-T5-base,squad2,True,3,2.0,0.8112781244591301,0.40563906222956503,False,successfully preventing it from being cut down,True,1.0,1.0,-0.08710722076122895,False,squad2
5728e5224b864d1900165035,FLAN-T5-base,squad2,False,0,,,,,,,,,,False,squad2
5a665b56846392001a1e1b1d,FLAN-T5-base,squad2,False,1,,,,,,,,,,True,squad2
5728e5f43acd2414000e0173,FLAN-T5-base,squad2,False,0,,,,,,,,,,False,squad2
5728e715ff5b5019007da917,FLAN-T5-base,squad2,False,1,,,,,,,,,,False,squad2
5728eb1a3acd2414000e01c5,FLAN-T5-base,squad2,False,2,,,,,,,,,,False,squad2
5728ed94ff5b5019007da97c,FLAN-T5-base,squad2,False,2,,,,,,,,,,False,squad2
5a668d4ef038b7001ab0bfc1,FLAN-T5-base,squad2,False,2,,,,,,,,,,True,squad2
5728eef92ca10214002daab4,FLAN-T5-base,squad2,False,2,,,,,,,,,,False,squad2
5a668ef8f038b7001ab0bfdf,FLAN-T5-base,squad2,False,2,,,,,,,,,,True,squad2
5728facd4b864d1900165174,FLAN-T5-base,squad2,False,2,,,,,,,,,,False,squad2
5728fb6a1d04691400778ef8,FLAN-T5-base,squad2,False,1,,,,,,,,,,False,squad2
5a669ee5f038b7001ab0c06b,FLAN-T5-base,squad2,False,0,,,,,,,,,,True,squad2
5728fd3c3f37b31900477f2f,FLAN-T5-base,squad2,False,0,,,,,,,,,,False,squad2
5a25a8e9ef59cd001a623c21,FLAN-T5-base,squad2,False,2,,,,,,,,,,True,squad2
5a25a8e9ef59cd001a623c24,FLAN-T5-base,squad2,False,1,,,,,,,,,,True,squad2
5a23548782b03a001a4aa785,FLAN-T5-base,squad2,False,2,,,,,,,,,,True,squad2
57274046dd62a815002e9a14,FLAN-T5-base,squad2,False,2,,,,,,,,,,False,squad2
5a25b668ef59cd001a623c78,FLAN-T5-base,squad2,False,2,,,,,,,,,,True,squad2
5a25b668ef59cd001a623c79,FLAN-T5-base,squad2,False,0,,,,,,,,,,True,squad2
5a25bb0bef59cd001a623cb4,FLAN-T5-base,squad2,False,0,,,,,,,,,,True,squad2
572744aff1498d1400e8f58a,FLAN-T5-base,squad2,False,2,,,,,,,,,,False,squad2
57274e0d708984140094dbe5,FLAN-T5-base,squad2,False,0,,,,,,,,,,False,squad2
5a25c41def59cd001a623cda,FLAN-T5-base,squad2,False,0,,,,,,,,,,True,squad2
57274e975951b619008f87f9,FLAN-T5-base,squad2,False,2,,,,,,,,,,False,squad2
5a25d529ef59cd001a623cee,FLAN-T5-base,squad2,False,1,,,,,,,,,,True,squad2
5a25d529ef59cd001a623cef,FLAN-T5-base,squad2,False,2,,,,,,,,,,True,squad2
5a25d89aef59cd001a623cf8,FLAN-T5-base,squad2,False,1,,,,,,,,,,True,squad2
572751b4708984140094dc1c,FLAN-T5-base,squad2,False,1,,,,,,,,,,False,squad2
572751b4708984140094dc1d,FLAN-T5-base,squad2,False,1,,,,,,,,,,False,squad2
5a25e4a2ef59cd001a623d0b,FLAN-T5-base,squad2,False,1,,,,,,,,,,True,squad2
572753335951b619008f8854,FLAN-T5-base,squad2,False,1,,,,,,,,,,False,squad2
572753335951b619008f8855,FLAN-T5-base,squad2,False,0,,,,,,,,,,False,squad2
5a25eae4c93d92001a40033d,FLAN-T5-base,squad2,False,1,,,,,,,,,,True,squad2
5a25eae4c93d92001a40033e,FLAN-T5-base,squad2,False,0,,,,,,,,,,True,squad2
57275411dd62a815002e9b33,FLAN-T5-base,squad2,False,1,,,,,,,,,,False,squad2
5a25eed2c93d92001a40034b,FLAN-T5-base,squad2,False,1,,,,,,,,,,True,squad2
572755b7708984140094dc51,FLAN-T5-base,squad2,False,2,,,,,,,,,,False,squad2
5a6787d4f038b7001ab0c27b,FLAN-T5-base,squad2,False,2,,,,,,,,,,True,squad2
5727482bf1498d1400e8f5a4,FLAN-T5-base,squad2,False,1,,,,,,,,,,False,squad2
57274971708984140094dbbe,FLAN-T5-base,squad2,False,2,,,,,,,,,,False,squad2
57274a1edd62a815002e9a9c,FLAN-T5-base,squad2,True,3,1.0,-1.6017132519074577e-15,-8.008566259537289e-16,True,7.8%,True,1.0,1.0,-0.026971460785716772,False,squad2
5a67986af038b7001ab0c310,FLAN-T5-base,squad2,False,2,,,,,,,,,,True,squad2
5a67986af038b7001ab0c314,FLAN-T5-base,squad2,True,3,1.0,-1.6017132519074577e-15,-8.008566259537289e-16,True,religious groups,False,0.0,0.0,-0.05629402305930853,True,squad2
5a679db8f038b7001ab0c350,FLAN-T5-base,squad2,False,1,,,,,,,,,,True,squad2
5a679f83f038b7001ab0c364,FLAN-T5-base,squad2,False,1,,,,,,,,,,True,squad2
57274e145951b619008f87e9,FLAN-T5-base,squad2,False,2,,,,,,,,,,False,squad2
5a67a1e3f038b7001ab0c389,FLAN-T5-base,squad2,False,2,,,,,,,,,,True,squad2
57274eca5951b619008f8802,FLAN-T5-base,squad2,False,2,,,,,,,,,,False,squad2
5a67a2c7f038b7001ab0c3a6,FLAN-T5-base,squad2,False,1,,,,,,,,,,True,squad2
5727500f708984140094dc01,FLAN-T5-base,squad2,True,3,1.0,-1.6017132519074577e-15,-8.008566259537289e-16,True,natural science,True,1.0,1.0,-0.006577780734611831,False,squad2
5a67a898f038b7001ab0c3f6,FLAN-T5-base,squad2,False,2,,,,,,,,,,True,squad2
5a67a898f038b7001ab0c3f7,FLAN-T5-base,squad2,False,2,,,,,,,,,,True,squad2
5727515f708984140094dc12,FLAN-T5-base,squad2,False,2,,,,,,,,,,False,squad2
5727515f708984140094dc13,FLAN-T5-base,squad2,False,2,,,,,,,,,,False,squad2
572754dd708984140094dc3e,FLAN-T5-base,squad2,False,1,,,,,,,,,,False,squad2
572756265951b619008f886d,FLAN-T5-base,squad2,False,2,,,,,,,,,,False,squad2
5a67d87ef038b7001ab0c48e,FLAN-T5-base,squad2,False,2,,,,,,,,,,True,squad2
572759665951b619008f8887,FLAN-T5-base,squad2,False,0,,,,,,,,,,False,squad2
5a67e29c8476ee001a58a756,FLAN-T5-base,squad2,False,2,,,,,,,,,,True,squad2
572759dbdd62a815002e9b94,FLAN-T5-base,squad2,False,2,,,,,,,,,,False,squad2
5a82025a31013a001a3350b8,FLAN-T5-base,squad2,False,2,,,,,,,,,,True,squad2
5a8205d131013a001a3350f9,FLAN-T5-base,squad2,False,1,,,,,,,,,,True,squad2
5727cebc2ca10214002d96f1,FLAN-T5-base,squad2,False,1,,,,,,,,,,False,squad2
5a82237d31013a001a335244,FLAN-T5-base,squad2,False,2,,,,,,,,,,True,squad2
5a8224ea31013a001a335250,FLAN-T5-base,squad2,False,1,,,,,,,,,,True,squad2
5a8225de31013a001a335264,FLAN-T5-base,squad2,True,3,1.0,-1.6017132519074577e-15,-8.008566259537289e-16,True,unanswerable,True,1.0,1.0,-0.017416412898268164,True,squad2
5727d3843acd2414000ded69,FLAN-T5-base,squad2,False,1,,,,,,,,,,False,squad2
5a822bc531013a001a335281,FLAN-T5-base,squad2,False,2,,,,,,,,,,True,squad2
5a822bc531013a001a335285,FLAN-T5-base,squad2,False,0,,,,,,,,,,True,squad2
5727d4922ca10214002d977e,FLAN-T5-base,squad2,False,1,,,,,,,,,,False,squad2
5a823a7731013a001a33530c,FLAN-T5-base,squad2,False,1,,,,,,,,,,True,squad2
5a823e6f31013a001a33532f,FLAN-T5-base,squad2,False,1,,,,,,,,,,True,squad2
5a823e6f31013a001a335331,FLAN-T5-base,squad2,True,3,2.0,0.8112781244591301,0.40563906222956503,False,unanswerable,True,1.0,1.0,-0.10864667881763808,True,squad2
5727dd2e4b864d1900163ebc,FLAN-T5-base,squad2,False,2,,,,,,,,,,False,squad2
5727de862ca10214002d9861,FLAN-T5-base,squad2,False,2,,,,,,,,,,False,squad2
5727e0474b864d1900163f0b,FLAN-T5-base,squad2,True,3,1.0,-1.6017132519074577e-15,-8.008566259537289e-16,True,W. E. B. Du Bois,True,1.0,1.0,-0.03941431201019441,False,squad2
5a8251c231013a001a3353f1,FLAN-T5-base,squad2,False,2,,,,,,,,,,True,squad2
5a8251c231013a001a3353f3,FLAN-T5-base,squad2,False,1,,,,,,,,,,True,squad2
5a1c539bb4fb5d00187145fd,FLAN-T5-base,squad2,False,2,,,,,,,,,,True,squad2
5727cb4b2ca10214002d967a,FLAN-T5-base,squad2,False,2,,,,,,,,,,False,squad2
5a1c55b4b4fb5d0018714606,FLAN-T5-base,squad2,False,2,,,,,,,,,,True,squad2
5a1c60f0b4fb5d0018714612,FLAN-T5-base,squad2,False,1,,,,,,,,,,True,squad2
5a1c6968b4fb5d0018714618,FLAN-T5-base,squad2,False,1,,,,,,,,,,True,squad2
5a1c6968b4fb5d001871461c,FLAN-T5-base,squad2,False,2,,,,,,,,,,True,squad2
5a1c8092b4fb5d0018714630,FLAN-T5-base,squad2,False,2,,,,,,,,,,True,squad2
572815d9ff5b5019007d9cbf,FLAN-T5-base,squad2,True,3,2.0,0.9999999999999971,0.49999999999999856,False,extension of the Florida East Coast Railway,False,0.0,0.8571428571428571,-0.05567449563747573,False,squad2
572820512ca10214002d9e74,FLAN-T5-base,squad2,True,3,1.0,-1.6017132519074577e-15,-8.008566259537289e-16,True,The Trout River,True,1.0,1.0,-0.037414515810081636,False,squad2
572820512ca10214002d9e76,FLAN-T5-base,squad2,False,2,,,,,,,,,,False,squad2
572821274b864d1900164510,FLAN-T5-base,squad2,False,2,,,,,,,,,,False,squad2
5a1c8bb4b4fb5d00187146ae,FLAN-T5-base,squad2,False,0,,,,,,,,,,True,squad2
57282358ff5b5019007d9de1,FLAN-T5-base,squad2,False,2,,,,,,,,,,False,squad2
5a1c8d0bb4fb5d00187146be,FLAN-T5-base,squad2,False,1,,,,,,,,,,True,squad2
5a1c8f54b4fb5d00187146dc,FLAN-T5-base,squad2,True,3,1.0,-1.6017132519074577e-15,-8.008566259537289e-16,True,43.8%,False,0.0,0.0,-0.019032589116250165,True,squad2
5727e6cbff5b5019007d97f0,FLAN-T5-base,squad2,False,1,,,,,,,,,,False,squad2
5ad242e5d7d075001a4289a6,FLAN-T5-base,squad2,False,1,,,,,,,,,,True,squad2
5729d44b1d04691400779615,FLAN-T5-base,squad2,True,3,2.0,0.8112781244591301,0.40563906222956503,False,Institute for Policy Studies,True,1.0,1.0,-0.03364973859024758,False,squad2
5ad2434fd7d075001a4289da,FLAN-T5-base,squad2,False,2,,,,,,,,,,True,squad2
5ad243a7d7d075001a428a0a,FLAN-T5-base,squad2,False,2,,,,,,,,,,True,squad2
5729d609af94a219006aa661,FLAN-T5-base,squad2,False,2,,,,,,,,,,False,squad2
5729d609af94a219006aa664,FLAN-T5-base,squad2,False,1,,,,,,,,,,False,squad2
5727ec062ca10214002d99b6,FLAN-T5-base,squad2,False,1,,,,,,,,,,False,squad2
5729d878af94a219006aa66f,FLAN-T5-base,squad2,False,1,,,,,,,,,,False,squad2
5729da0faf94a219006aa676,FLAN-T5-base,squad2,False,1,,,,,,,,,,False,squad2
5ad2467ad7d075001a428afa,FLAN-T5-base,squad2,False,1,,,,,,,,,,True,squad2
5727ee372ca10214002d99ec,FLAN-T5-base,squad2,False,0,,,,,,,,,,False,squad2
5729e1e36aef0514001550ba,FLAN-T5-base,squad2,False,2,,,,,,,,,,False,squad2
5ad248e0d7d075001a428b86,FLAN-T5-base,squad2,True,3,1.0,-1.6017132519074577e-15,-8.008566259537289e-16,True,unanswerable,True,1.0,1.0,-9.096442252030102e-05,True,squad2
5ad24b96d7d075001a428bf0,FLAN-T5-base,squad2,False,2,,,,,,,,,,True,squad2
5ad24e50d7d075001a428c3c,FLAN-T5-base,squad2,False,2,,,,,,,,,,True,squad2
5729f24baf94a219006aa6e1,FLAN-T5-base,squad2,False,1,,,,,,,,,,False,squad2
5729f3883f37b319004785f1,FLAN-T5-base,squad2,False,2,,,,,,,,,,False,squad2
5ad25af2d7d075001a428e52,FLAN-T5-base,squad2,False,1,,,,,,,,,,True,squad2
572a06866aef0514001551c2,FLAN-T5-base,squad2,False,2,,,,,,,,,,False,squad2
572a07a86aef0514001551d4,FLAN-T5-base,squad2,False,2,,,,,,,,,,False,squad2
572a0bafaf94a219006aa766,FLAN-T5-base,squad2,False,1,,,,,,,,,,False,squad2
572a0bafaf94a219006aa767,FLAN-T5-base,squad2,False,1,,,,,,,,,,False,squad2
572a0c541d046914007796f6,FLAN-T5-base,squad2,False,2,,,,,,,,,,False,squad2
572a0e0e1d04691400779707,FLAN-T5-base,squad2,False,1,,,,,,,,,,False,squad2
5ad2623dd7d075001a429095,FLAN-T5-base,squad2,False,2,,,,,,,,,,True,squad2
5ad262aad7d075001a4290c4,FLAN-T5-base,squad2,False,1,,,,,,,,,,True,squad2
572a1046af94a219006aa78d,FLAN-T5-base,squad2,False,2,,,,,,,,,,False,squad2
572a1046af94a219006aa78e,FLAN-T5-base,squad2,False,1,,,,,,,,,,False,squad2
572a1046af94a219006aa78f,FLAN-T5-base,squad2,True,3,2.0,0.8112781244591301,0.40563906222956503,False,economist,True,1.0,1.0,-0.19822165742516518,False,squad2
572a1046af94a219006aa790,FLAN-T5-base,squad2,True,3,2.0,0.8112781244591301,0.40563906222956503,False,increasing importance of human capital in development,True,1.0,1.0,-0.09768060751957819,False,squad2
5ad262ffd7d075001a4290e4,FLAN-T5-base,squad2,False,2,,,,,,,,,,True,squad2
5ad262ffd7d075001a4290e5,FLAN-T5-base,squad2,False,2,,,,,,,,,,True,squad2
5ad26367d7d075001a4290ff,FLAN-T5-base,squad2,False,2,,,,,,,,,,True,squad2
5ad26367d7d075001a429101,FLAN-T5-base,squad2,False,2,,,,,,,,,,True,squad2
572a13841d0469140077973f,FLAN-T5-base,squad2,False,1,,,,,,,,,,False,squad2
5ad2647bd7d075001a42915a,FLAN-T5-base,squad2,False,2,,,,,,,,,,True,squad2
5ad264e2d7d075001a42917d,FLAN-T5-base,squad2,False,1,,,,,,,,,,True,squad2
572a1ba46aef05140015528e,FLAN-T5-base,squad2,False,1,,,,,,,,,,False,squad2
5ad265d2d7d075001a4291c9,FLAN-T5-base,squad2,False,2,,,,,,,,,,True,squad2
5ad2676ed7d075001a429210,FLAN-T5-base,squad2,False,1,,,,,,,,,,True,squad2
5ad268b2d7d075001a42928b,FLAN-T5-base,squad2,False,1,,,,,,,,,,True,squad2
5ad2690ed7d075001a4292b3,FLAN-T5-base,squad2,False,0,,,,,,,,,,True,squad2
572a2224af94a219006aa824,FLAN-T5-base,squad2,False,0,,,,,,,,,,False,squad2
5ad26964d7d075001a4292cf,FLAN-T5-base,squad2,False,2,,,,,,,,,,True,squad2
5acf774877cf76001a684e98,FLAN-T5-base,squad2,False,1,,,,,,,,,,True,squad2
57283f014b864d19001647e9,FLAN-T5-base,squad2,False,1,,,,,,,,,,False,squad2
5acf7dcf77cf76001a684f7e,FLAN-T5-base,squad2,False,1,,,,,,,,,,True,squad2
5acf7ecb77cf76001a684fa5,FLAN-T5-base,squad2,False,2,,,,,,,,,,True,squad2
5acf7fdf77cf76001a684fd6,FLAN-T5-base,squad2,False,1,,,,,,,,,,True,squad2
57284618ff5b5019007da0ac,FLAN-T5-base,squad2,False,0,,,,,,,,,,False,squad2
5acf82c277cf76001a685066,FLAN-T5-base,squad2,False,2,,,,,,,,,,True,squad2
572847ff3acd2414000df86a,FLAN-T5-base,squad2,False,1,,,,,,,,,,False,squad2
5acf86ff77cf76001a6850f8,FLAN-T5-base,squad2,False,0,,,,,,,,,,True,squad2
572849b4ff5b5019007da0f6,FLAN-T5-base,squad2,False,1,,,,,,,,,,False,squad2
57284b904b864d19001648e2,FLAN-T5-base,squad2,True,3,2.0,0.9999999999999971,0.49999999999999856,False,the Main Quadrangles,True,1.0,1.0,-0.06698215897718758,False,squad2
5acf8bbd77cf76001a6851b5,FLAN-T5-base,squad2,False,0,,,,,,,,,,True,squad2
5728510f4b864d1900164937,FLAN-T5-base,squad2,False,2,,,,,,,,,,False,squad2
5728510f4b864d1900164938,FLAN-T5-base,squad2,False,1,,,,,,,,,,False,squad2
572855973acd2414000df925,FLAN-T5-base,squad2,False,2,,,,,,,,,,False,squad2
57285841ff5b5019007da19c,FLAN-T5-base,squad2,True,3,1.0,-1.6017132519074577e-15,-8.008566259537289e-16,True,Oriental Institute,True,1.0,1.0,-0.014956990101685127,False,squad2
57285841ff5b5019007da19e,FLAN-T5-base,squad2,False,1,,,,,,,,,,False,squad2
5acf9a5277cf76001a685420,FLAN-T5-base,squad2,False,2,,,,,,,,,,True,squad2
5acf9e9377cf76001a685585,FLAN-T5-base,squad2,False,2,,,,,,,,,,True,squad2
572867543acd2414000df9a1,FLAN-T5-base,squad2,False,1,,,,,,,,,,False,squad2
5acfa23577cf76001a68562f,FLAN-T5-base,squad2,False,0,,,,,,,,,,True,squad2
5acfa23577cf76001a685632,FLAN-T5-base,squad2,False,2,,,,,,,,,,True,squad2
5acfa31377cf76001a685684,FLAN-T5-base,squad2,False,1,,,,,,,,,,True,squad2
5acfa31377cf76001a685685,FLAN-T5-base,squad2,False,1,,,,,,,,,,True,squad2
5acfa71b77cf76001a68572e,FLAN-T5-base,squad2,False,1,,,,,,,,,,True,squad2
572870b2ff5b5019007da225,FLAN-T5-base,squad2,True,3,1.0,-1.6017132519074577e-15,-8.008566259537289e-16,True,Eugene Fama,True,1.0,1.0,-0.002190159986639628,False,squad2
5acfa8a277cf76001a685770,FLAN-T5-base,squad2,False,2,,,,,,,,,,True,squad2
5acfa9b877cf76001a6857a9,FLAN-T5-base,squad2,False,1,,,,,,,,,,True,squad2
5acfa9b877cf76001a6857ab,FLAN-T5-base,squad2,False,1,,,,,,,,,,True,squad2
5728759cff5b5019007da25b,FLAN-T5-base,squad2,False,2,,,,,,,,,,False,squad2
57286192ff5b5019007da1df,FLAN-T5-base,squad2,False,1,,,,,,,,,,False,squad2
572863c72ca10214002da2d7,FLAN-T5-base,squad2,True,3,2.0,0.8112781244591301,0.40563906222956503,False,unanswerable,False,0.0,0.0,-0.055207752931028156,False,squad2
5ad401de604f3c001a3ffd31,FLAN-T5-base,squad2,True,3,2.0,0.8112781244591301,0.40563906222956503,False,unanswerable,True,1.0,1.0,-0.13517214057442145,True,squad2
572867212ca10214002da2f2,FLAN-T5-base,squad2,False,2,,,,,,,,,,False,squad2
572867212ca10214002da2f4,FLAN-T5-base,squad2,False,2,,,,,,,,,,False,squad2
5ad40219604f3c001a3ffd45,FLAN-T5-base,squad2,False,1,,,,,,,,,,True,squad2
5ad40432604f3c001a3ffdbc,FLAN-T5-base,squad2,False,1,,,,,,,,,,True,squad2
5ad40515604f3c001a3ffe08,FLAN-T5-base,squad2,False,2,,,,,,,,,,True,squad2
5728710c3acd2414000df9f2,FLAN-T5-base,squad2,False,2,,,,,,,,,,False,squad2
572871bd3acd2414000dfa03,FLAN-T5-base,squad2,False,2,,,,,,,,,,False,squad2
5ad406b6604f3c001a3ffe73,FLAN-T5-base,squad2,False,0,,,,,,,,,,True,squad2
5ad406b6604f3c001a3ffe77,FLAN-T5-base,squad2,False,1,,,,,,,,,,True,squad2
57287338ff5b5019007da232,FLAN-T5-base,squad2,False,1,,,,,,,,,,False,squad2
57287338ff5b5019007da233,FLAN-T5-base,squad2,False,1,,,,,,,,,,False,squad2
57287338ff5b5019007da235,FLAN-T5-base,squad2,False,1,,,,,,,,,,False,squad2
5ad406e9604f3c001a3ffe7d,FLAN-T5-base,squad2,False,0,,,,,,,,,,True,squad2
572878942ca10214002da3a3,FLAN-T5-base,squad2,False,2,,,,,,,,,,False,squad2
572879574b864d1900164a14,FLAN-T5-base,squad2,True,3,2.0,0.9999999999999971,0.49999999999999856,False,Western,True,1.0,1.0,-0.11926611885428429,False,squad2
57287b4a4b864d1900164a29,FLAN-T5-base,squad2,False,1,,,,,,,,,,False,squad2
57287c142ca10214002da3d3,FLAN-T5-base,squad2,False,1,,,,,,,,,,False,squad2
5ad407de604f3c001a3ffebf,FLAN-T5-base,squad2,False,1,,,,,,,,,,True,squad2
57287ccb2ca10214002da3de,FLAN-T5-base,squad2,False,1,,,,,,,,,,False,squad2
5ad4081b604f3c001a3ffed9,FLAN-T5-base,squad2,False,0,,,,,,,,,,True,squad2
5ad4081b604f3c001a3ffedb,FLAN-T5-base,squad2,False,2,,,,,,,,,,True,squad2
5ad40995604f3c001a3fff45,FLAN-T5-base,squad2,False,1,,,,,,,,,,True,squad2
5ad40995604f3c001a3fff47,FLAN-T5-base,squad2,False,1,,,,,,,,,,True,squad2
5728809f2ca10214002da40e,FLAN-T5-base,squad2,True,3,3.0,1.4999999999999956,0.7499999999999978,False,Calendar for Fixing the Seasons,False,0.0,0.0,-0.05084853646593501,False,squad2
5728809f2ca10214002da410,FLAN-T5-base,squad2,False,1,,,,,,,,,,False,squad2
572881704b864d1900164a54,FLAN-T5-base,squad2,False,2,,,,,,,,,,False,squad2
5ad40af0604f3c001a3fffe1,FLAN-T5-base,squad2,False,0,,,,,,,,,,True,squad2
5ad40b55604f3c001a3ffffd,FLAN-T5-base,squad2,False,1,,,,,,,,,,True,squad2
572883153acd2414000dfa72,FLAN-T5-base,squad2,False,2,,,,,,,,,,False,squad2
57288428ff5b5019007da290,FLAN-T5-base,squad2,False,1,,,,,,,,,,False,squad2
5ad40cac604f3c001a40008a,FLAN-T5-base,squad2,False,0,,,,,,,,,,True,squad2
5ad40d28604f3c001a4000b5,FLAN-T5-base,squad2,False,2,,,,,,,,,,True,squad2
5728855d3acd2414000dfa8e,FLAN-T5-base,squad2,False,1,,,,,,,,,,False,squad2
572885c44b864d1900164a79,FLAN-T5-base,squad2,False,2,,,,,,,,,,False,squad2
5728eff82ca10214002daade,FLAN-T5-base,squad2,False,2,,,,,,,,,,False,squad2
572a14af3f37b319004786c1,FLAN-T5-base,squad2,False,2,,,,,,,,,,False,squad2
5728f2e26aef051400154899,FLAN-T5-base,squad2,True,3,2.0,0.9999999999999971,0.49999999999999856,False,HIV/AIDS,True,1.0,1.0,-0.017195753098349087,False,squad2
5ad49faaba00c4001a268e25,FLAN-T5-base,squad2,False,1,,,,,,,,,,True,squad2
5ad4a110ba00c4001a268e62,FLAN-T5-base,squad2,False,1,,,,,,,,,,True,squad2
5ad4a682ba00c4001a268ecd,FLAN-T5-base,squad2,False,2,,,,,,,,,,True,squad2
5728f9882ca10214002dab5d,FLAN-T5-base,squad2,False,2,,,,,,,,,,False,squad2
5ad4b0f25b96ef001a109dbc,FLAN-T5-base,squad2,False,2,,,,,,,,,,True,squad2
572900f73f37b31900477f6c,FLAN-T5-base,squad2,True,3,1.0,-1.6017132519074577e-15,-8.008566259537289e-16,True,prostaglandins,True,1.0,1.0,-0.0023607637329329614,False,squad2
5ad4ca235b96ef001a10a0b8,FLAN-T5-base,squad2,False,2,,,,,,,,,,True,squad2
5729081d3f37b31900477fae,FLAN-T5-base,squad2,True,3,1.0,-1.6017132519074577e-15,-8.008566259537289e-16,True,chemotaxis,True,1.0,1.0,-0.0038420877293283695,False,squad2
5729efab3f37b319004785cf,FLAN-T5-base,squad2,False,2,,,,,,,,,,False,squad2
5729f06f1d04691400779674,FLAN-T5-base,squad2,False,1,,,,,,,,,,False,squad2
5729f1fcaf94a219006aa6d6,FLAN-T5-base,squad2,False,1,,,,,,,,,,False,squad2
5729f5a03f37b31900478606,FLAN-T5-base,squad2,False,1,,,,,,,,,,False,squad2
5ad4d7395b96ef001a10a2f5,FLAN-T5-base,squad2,False,2,,,,,,,,,,True,squad2
5729f9953f37b31900478621,FLAN-T5-base,squad2,False,2,,,,,,,,,,False,squad2
5ad4ea425b96ef001a10a627,FLAN-T5-base,squad2,False,0,,,,,,,,,,True,squad2
5ad4ea425b96ef001a10a629,FLAN-T5-base,squad2,False,1,,,,,,,,,,True,squad2
5ad4e90e5b96ef001a10a60c,FLAN-T5-base,squad2,False,2,,,,,,,,,,True,squad2
5729fd111d046914007796a6,FLAN-T5-base,squad2,False,2,,,,,,,,,,False,squad2
5ad4db615b96ef001a10a436,FLAN-T5-base,squad2,True,3,3.0,1.4999999999999956,0.7499999999999978,False,to present young lymphocytes with self antigens produced throughout the body and to eliminate those cells that recognize self-antigens,False,0.0,0.0,-0.06739878220589267,True,squad2
5ad4d8845b96ef001a10a348,FLAN-T5-base,squad2,False,2,,,,,,,,,,True,squad2
5ad4f4405b96ef001a10a77f,FLAN-T5-base,squad2,False,1,,,,,,,,,,True,squad2
5ad4f4405b96ef001a10a780,FLAN-T5-base,squad2,False,2,,,,,,,,,,True,squad2
5ad4ec305b96ef001a10a66a,FLAN-T5-base,squad2,False,2,,,,,,,,,,True,squad2
5ad4ec305b96ef001a10a66b,FLAN-T5-base,squad2,False,1,,,,,,,,,,True,squad2
572a058aaf94a219006aa754,FLAN-T5-base,squad2,False,2,,,,,,,,,,False,squad2
5ad4e7eb5b96ef001a10a5f4,FLAN-T5-base,squad2,False,2,,,,,,,,,,True,squad2
572a07fc6aef0514001551df,FLAN-T5-base,squad2,True,3,2.0,0.8112781244591301,0.40563906222956503,False,adaptive,True,1.0,1.0,-0.1831662505865097,False,squad2
5ad4d5e15b96ef001a10a298,FLAN-T5-base,squad2,False,1,,,,,,,,,,True,squad2
572a0ce11d04691400779701,FLAN-T5-base,squad2,False,2,,,,,,,,,,False,squad2
5ad4f7895b96ef001a10a7f3,FLAN-T5-base,squad2,False,2,,,,,,,,,,True,squad2
5ad4e4425b96ef001a10a572,FLAN-T5-base,squad2,False,0,,,,,,,,,,True,squad2
572a10cd6aef051400155222,FLAN-T5-base,squad2,False,2,,,,,,,,,,False,squad2
5ad4eb355b96ef001a10a650,FLAN-T5-base,squad2,False,2,,,,,,,,,,True,squad2
5ad4c6775b96ef001a10a014,FLAN-T5-base,squad2,False,0,,,,,,,,,,True,squad2
57293b843f37b31900478136,FLAN-T5-base,squad2,False,2,,,,,,,,,,False,squad2
57293c246aef051400154bba,FLAN-T5-base,squad2,True,3,2.0,0.9999999999999971,0.49999999999999856,False,government officials and climate change experts,True,1.0,1.0,-0.04508501014788635,False,squad2
57293d116aef051400154bcb,FLAN-T5-base,squad2,False,1,,,,,,,,,,False,squad2
5a3e307f378766001a0024da,FLAN-T5-base,squad2,False,1,,,,,,,,,,True,squad2
5a3e488b378766001a00253c,FLAN-T5-base,squad2,True,3,1.0,-1.6017132519074577e-15,-8.008566259537289e-16,True,two,False,0.0,0.0,-0.03260485641658306,True,squad2
5a3e488b378766001a00253d,FLAN-T5-base,squad2,False,1,,,,,,,,,,True,squad2
57293f353f37b3190047819f,FLAN-T5-base,squad2,True,3,2.0,0.8112781244591301,0.40563906222956503,False,scientific evidence,True,1.0,1.0,-0.060496413769821324,False,squad2
5a3e3752378766001a0024f9,FLAN-T5-base,squad2,False,0,,,,,,,,,,True,squad2
57293f8a6aef051400154bde,FLAN-T5-base,squad2,False,1,,,,,,,,,,False,squad2
5a3e495c378766001a002547,FLAN-T5-base,squad2,True,3,1.0,-1.6017132519074577e-15,-8.008566259537289e-16,True,unanswerable,True,1.0,1.0,-0.08170912738050333,True,squad2
57294279af94a219006aa20a,FLAN-T5-base,squad2,False,2,,,,,,,,,,False,squad2
57294279af94a219006aa20b,FLAN-T5-base,squad2,False,2,,,,,,,,,,False,squad2
5a3e42de378766001a002529,FLAN-T5-base,squad2,False,2,,,,,,,,,,True,squad2
5a3e42de378766001a00252a,FLAN-T5-base,squad2,False,2,,,,,,,,,,True,squad2
572943ab1d0469140077921a,FLAN-T5-base,squad2,False,1,,,,,,,,,,False,squad2
572944e03f37b319004781e3,FLAN-T5-base,squad2,False,2,,,,,,,,,,False,squad2
5a3e582e378766001a0025a2,FLAN-T5-base,squad2,False,1,,,,,,,,,,True,squad2
572945b11d04691400779230,FLAN-T5-base,squad2,True,3,1.0,-1.6017132519074577e-15,-8.008566259537289e-16,True,the actual temperature rise was near the top end of the range given by IPCC's 2001 projection,False,0.0,0.0,-0.09243067375614157,False,squad2
5a3e5697378766001a002598,FLAN-T5-base,squad2,False,2,,,,,,,,,,True,squad2
57294baaaf94a219006aa26c,FLAN-T5-base,squad2,False,1,,,,,,,,,,False,squad2
5a3e4e57378766001a002564,FLAN-T5-base,squad2,False,1,,,,,,,,,,True,squad2
5a3e4e57378766001a002567,FLAN-T5-base,squad2,False,2,,,,,,,,,,True,squad2
57296d571d04691400779417,FLAN-T5-base,squad2,False,0,,,,,,,,,,False,squad2
57296f293f37b319004783a4,FLAN-T5-base,squad2,False,1,,,,,,,,,,False,squad2
5a89128d3b2508001a72a498,FLAN-T5-base,squad2,False,1,,,,,,,,,,True,squad2
5a8913713b2508001a72a49e,FLAN-T5-base,squad2,False,1,,,,,,,,,,True,squad2
5729727baf94a219006aa437,FLAN-T5-base,squad2,True,3,1.0,-1.6017132519074577e-15,-8.008566259537289e-16,True,Goldbach's conjecture,True,1.0,1.0,-0.009468029467349481,False,squad2
5729727baf94a219006aa43b,FLAN-T5-base,squad2,True,3,1.0,-1.6017132519074577e-15,-8.008566259537289e-16,True,prime ideals,True,1.0,1.0,-0.08553191834653262,False,squad2
572973f76aef051400154f0b,FLAN-T5-base,squad2,True,3,2.0,0.8112781244591301,0.40563906222956503,False,"1, 2, and n",True,1.0,1.0,-0.04934324017328132,False,squad2
5a8923a23b2508001a72a4c8,FLAN-T5-base,squad2,False,2,,,,,,,,,,True,squad2
57297a276aef051400154f89,FLAN-T5-base,squad2,True,3,1.0,-1.6017132519074577e-15,-8.008566259537289e-16,True,Euler,True,1.0,1.0,-0.011984662143428674,False,squad2
5a8929e43b2508001a72a4da,FLAN-T5-base,squad2,True,3,1.0,-1.6017132519074577e-15,-8.008566259537289e-16,True,unanswerable,True,1.0,1.0,-0.0014484877698123454,True,squad2
5a8929e43b2508001a72a4de,FLAN-T5-base,squad2,False,1,,,,,,,,,,True,squad2
5a892b473b2508001a72a4e8,FLAN-T5-base,squad2,False,2,,,,,,,,,,True,squad2
57297d421d046914007794e6,FLAN-T5-base,squad2,False,2,,,,,,,,,,False,squad2
5a892d303b2508001a72a4f1,FLAN-T5-base,squad2,False,1,,,,,,,,,,True,squad2
57297ed93f37b3190047845f,FLAN-T5-base,squad2,True,3,1.0,-1.6017132519074577e-15,-8.008566259537289e-16,True,Fermat primality test,True,1.0,1.0,-0.020024382679973012,False,squad2
57298ef11d0469140077952e,FLAN-T5-base,squad2,False,1,,,,,,,,,,False,squad2
5a893a003b2508001a72a542,FLAN-T5-base,squad2,True,3,1.0,-1.6017132519074577e-15,-8.008566259537289e-16,True,Chen's theorem,False,0.0,0.0,-0.0715264969794589,True,squad2
5a8940ba3b2508001a72a55d,FLAN-T5-base,squad2,True,3,2.0,0.8112781244591301,0.40563906222956503,False,p 1,False,0.0,0.0,-0.14956288317383346,True,squad2
5a8944653b2508001a72a57a,FLAN-T5-base,squad2,False,0,,,,,,,,,,True,squad2
5a89464f3b2508001a72a590,FLAN-T5-base,squad2,False,1,,,,,,,,,,True,squad2
5729a26d6aef05140015505d,FLAN-T5-base,squad2,True,3,2.0,0.8112781244591301,0.40563906222956503,False,local-global,True,1.0,1.0,-0.07782429366302494,False,squad2
5ad262fbd7d075001a4290dd,FLAN-T5-base,squad2,False,2,,,,,,,,,,True,squad2
572f57c704bcaa1900d7686d,FLAN-T5-base,squad2,False,0,,,,,,,,,,False,squad2
572fe53104bcaa1900d76e6b,FLAN-T5-base,squad2,False,1,,,,,,,,,,False,squad2
572fe92204bcaa1900d76e97,FLAN-T5-base,squad2,False,2,,,,,,,,,,False,squad2
572f609ca23a5019007fc5af,FLAN-T5-base,squad2,False,1,,,,,,,,,,False,squad2
572fec30947a6a140053cdf5,FLAN-T5-base,squad2,False,1,,,,,,,,,,False,squad2
572f64ccb2c2fd14005680b7,FLAN-T5-base,squad2,False,0,,,,,,,,,,False,squad2
572ff12e04bcaa1900d76eff,FLAN-T5-base,squad2,False,2,,,,,,,,,,False,squad2
572ff12e04bcaa1900d76f02,FLAN-T5-base,squad2,False,1,,,,,,,,,,False,squad2
5ad27d5dd7d075001a4296bc,FLAN-T5-base,squad2,False,2,,,,,,,,,,True,squad2
572f6c85947a6a140053c940,FLAN-T5-base,squad2,False,1,,,,,,,,,,False,squad2
5ad27f33d7d075001a429755,FLAN-T5-base,squad2,True,3,2.0,0.8112781244591301,0.40563906222956503,False,unanswerable,True,1.0,1.0,-0.07506586897006287,True,squad2
572ff4ca04bcaa1900d76f26,FLAN-T5-base,squad2,False,2,,,,,,,,,,False,squad2
572ff5fcb2c2fd1400568658,FLAN-T5-base,squad2,False,0,,,,,,,,,,False,squad2
5ad28861d7d075001a429940,FLAN-T5-base,squad2,True,3,1.0,-1.6017132519074577e-15,-8.008566259537289e-16,True,unanswerable,True,1.0,1.0,-0.007531828492938075,True,squad2
572ff7ab04bcaa1900d76f51,FLAN-T5-base,squad2,False,1,,,,,,,,,,False,squad2
5ad28c93d7d075001a429a0e,FLAN-T5-base,squad2,False,2,,,,,,,,,,True,squad2
5ad28c93d7d075001a429a0f,FLAN-T5-base,squad2,False,0,,,,,,,,,,True,squad2
572ff890a23a5019007fcbce,FLAN-T5-base,squad2,False,2,,,,,,,,,,False,squad2
5ad295d4d7d075001a429afd,FLAN-T5-base,squad2,False,1,,,,,,,,,,True,squad2
572ffd75b2c2fd14005686e9,FLAN-T5-base,squad2,True,3,2.0,0.9999999999999971,0.49999999999999856,False,sea level,False,0.0,0.0,-0.13456475323376557,False,squad2
5ad29d35d7d075001a429c12,FLAN-T5-base,squad2,True,3,2.0,0.9999999999999971,0.49999999999999856,False,unanswerable,True,1.0,1.0,-0.15537662465912377,True,squad2
572fff45947a6a140053cf28,FLAN-T5-base,squad2,False,1,,,,,,,,,,False,squad2
5ad2a3b3d7d075001a429d5b,FLAN-T5-base,squad2,False,1,,,,,,,,,,True,squad2
57300580b2c2fd140056874d,FLAN-T5-base,squad2,False,1,,,,,,,,,,False,squad2
5ad2a71ad7d075001a429e05,FLAN-T5-base,squad2,False,0,,,,,,,,,,True,squad2
5ad2a71ad7d075001a429e06,FLAN-T5-base,squad2,False,1,,,,,,,,,,True,squad2
57300761947a6a140053cf9b,FLAN-T5-base,squad2,True,3,2.0,0.8112781244591301,0.40563906222956503,False,Germania,True,1.0,1.0,-0.01898989424807951,False,squad2
57300911947a6a140053cfba,FLAN-T5-base,squad2,False,0,,,,,,,,,,False,squad2
573009a004bcaa1900d77050,FLAN-T5-base,squad2,False,2,,,,,,,,,,False,squad2
5ad2b882d7d075001a42a041,FLAN-T5-base,squad2,False,1,,,,,,,,,,True,squad2
5ad2b882d7d075001a42a042,FLAN-T5-base,squad2,False,2,,,,,,,,,,True,squad2
5ad2b882d7d075001a42a043,FLAN-T5-base,squad2,False,1,,,,,,,,,,True,squad2
57300a9a04bcaa1900d77067,FLAN-T5-base,squad2,True,3,1.0,-1.6017132519074577e-15,-8.008566259537289e-16,True,1936,True,1.0,1.0,-0.006271409569308162,False,squad2
5ad2bb5fd7d075001a42a080,FLAN-T5-base,squad2,False,2,,,,,,,,,,True,squad2
57300c67947a6a140053cff3,FLAN-T5-base,squad2,False,0,,,,,,,,,,False,squad2
572fad30a23a5019007fc871,FLAN-T5-base,squad2,False,2,,,,,,,,,,False,squad2
5ad0247477cf76001a686b93,FLAN-T5-base,squad2,False,2,,,,,,,,,,True,squad2
5ad026a777cf76001a686bca,FLAN-T5-base,squad2,False,2,,,,,,,,,,True,squad2
5ad0291f77cf76001a686c2a,FLAN-T5-base,squad2,False,1,,,,,,,,,,True,squad2
572fb42904bcaa1900d76c19,FLAN-T5-base,squad2,False,2,,,,,,,,,,False,squad2
572fc043a23a5019007fc95d,FLAN-T5-base,squad2,False,2,,,,,,,,,,False,squad2
572fc41f947a6a140053cc80,FLAN-T5-base,squad2,False,2,,,,,,,,,,False,squad2
5ad02fdf77cf76001a686d9a,FLAN-T5-base,squad2,False,1,,,,,,,,,,True,squad2
5ad02fdf77cf76001a686d9c,FLAN-T5-base,squad2,False,0,,,,,,,,,,True,squad2
572fc49d04bcaa1900d76ccd,FLAN-T5-base,squad2,False,0,,,,,,,,,,False,squad2
572fc5a1947a6a140053cc8d,FLAN-T5-base,squad2,False,1,,,,,,,,,,False,squad2
572fc5a1947a6a140053cc8e,FLAN-T5-base,squad2,False,1,,,,,,,,,,False,squad2
572fc6f204bcaa1900d76cf7,FLAN-T5-base,squad2,False,2,,,,,,,,,,False,squad2
572fc78d04bcaa1900d76d0a,FLAN-T5-base,squad2,False,2,,,,,,,,,,False,squad2
5ad0392577cf76001a686e4e,FLAN-T5-base,squad2,False,1,,,,,,,,,,True,squad2
572fc80b04bcaa1900d76d14,FLAN-T5-base,squad2,True,3,1.0,-1.6017132519074577e-15,-8.008566259537289e-16,True,unanswerable,False,0.0,0.0,-0.12380241151049062,False,squad2
5ad03b2777cf76001a686e99,FLAN-T5-base,squad2,False,1,,,,,,,,,,True,squad2
572fcc43b2c2fd140056847e,FLAN-T5-base,squad2,False,0,,,,,,,,,,False,squad2
5ad03cd377cf76001a686ec6,FLAN-T5-base,squad2,False,2,,,,,,,,,,True,squad2
5ad03efa77cf76001a686edd,FLAN-T5-base,squad2,False,1,,,,,,,,,,True,squad2
572fd6aa04bcaa1900d76da2,FLAN-T5-base,squad2,False,2,,,,,,,,,,False,squad2
572fd6aa04bcaa1900d76da3,FLAN-T5-base,squad2,False,2,,,,,,,,,,False,squad2
5ad0415577cf76001a686f04,FLAN-T5-base,squad2,False,1,,,,,,,,,,True,squad2
5ad041c477cf76001a686f0e,FLAN-T5-base,squad2,False,0,,,,,,,,,,True,squad2
572fdb17b2c2fd140056851e,FLAN-T5-base,squad2,False,2,,,,,,,,,,False,squad2
5ad0440a77cf76001a686f4a,FLAN-T5-base,squad2,False,1,,,,,,,,,,True,squad2
572fdbb004bcaa1900d76dd9,FLAN-T5-base,squad2,False,1,,,,,,,,,,False,squad2
5ad044f977cf76001a686f64,FLAN-T5-base,squad2,False,1,,,,,,,,,,True,squad2
572fdd03a23a5019007fcaa0,FLAN-T5-base,squad2,False,2,,,,,,,,,,False,squad2
572fdd03a23a5019007fcaa1,FLAN-T5-base,squad2,False,1,,,,,,,,,,False,squad2
572ff626947a6a140053ce92,FLAN-T5-base,squad2,False,2,,,,,,,,,,False,squad2
572ff86004bcaa1900d76f66,FLAN-T5-base,squad2,False,2,,,,,,,,,,False,squad2
572ff86004bcaa1900d76f67,FLAN-T5-base,squad2,False,1,,,,,,,,,,False,squad2
5acfe78477cf76001a6863e9,FLAN-T5-base,squad2,False,1,,,,,,,,,,True,squad2
5acfe84677cf76001a686406,FLAN-T5-base,squad2,False,2,,,,,,,,,,True,squad2
572ffee1947a6a140053cf15,FLAN-T5-base,squad2,False,1,,,,,,,,,,False,squad2
5acfe99177cf76001a686458,FLAN-T5-base,squad2,False,1,,,,,,,,,,True,squad2
5730035e04bcaa1900d77004,FLAN-T5-base,squad2,False,1,,,,,,,,,,False,squad2
573004bf947a6a140053cf57,FLAN-T5-base,squad2,False,2,,,,,,,,,,False,squad2
573004bf947a6a140053cf58,FLAN-T5-base,squad2,False,2,,,,,,,,,,False,squad2
573004bf947a6a140053cf59,FLAN-T5-base,squad2,False,2,,,,,,,,,,False,squad2
5acfeae177cf76001a6864a1,FLAN-T5-base,squad2,False,2,,,,,,,,,,True,squad2
5acfeb2577cf76001a6864b3,FLAN-T5-base,squad2,False,1,,,,,,,,,,True,squad2
5acfeb2577cf76001a6864b4,FLAN-T5-base,squad2,False,0,,,,,,,,,,True,squad2
57300f8504bcaa1900d770d1,FLAN-T5-base,squad2,True,3,2.0,0.8112781244591301,0.40563906222956503,False,unanswerable,False,0.0,0.0,-0.0697645658581223,False,squad2
57300f8504bcaa1900d770d2,FLAN-T5-base,squad2,False,1,,,,,,,,,,False,squad2
573010fab2c2fd14005687d9,FLAN-T5-base,squad2,True,3,2.0,0.9999999999999971,0.49999999999999856,False,domestic Islamists who attacked it,False,0.0,0.5714285714285715,-0.11978753757693994,False,squad2
5acfebe477cf76001a6864d7,FLAN-T5-base,squad2,False,2,,,,,,,,,,True,squad2
5acfebe477cf76001a6864d8,FLAN-T5-base,squad2,False,2,,,,,,,,,,True,squad2
5acfec2077cf76001a6864f6,FLAN-T5-base,squad2,False,1,,,,,,,,,,True,squad2
5730131c947a6a140053d054,FLAN-T5-base,squad2,False,2,,,,,,,,,,False,squad2
5acfec9277cf76001a686508,FLAN-T5-base,squad2,False,2,,,,,,,,,,True,squad2
5acfed5277cf76001a68652e,FLAN-T5-base,squad2,False,2,,,,,,,,,,True,squad2
573027d6a23a5019007fce9f,FLAN-T5-base,squad2,False,1,,,,,,,,,,False,squad2
5acfedc577cf76001a686549,FLAN-T5-base,squad2,False,0,,,,,,,,,,True,squad2
5acfedc577cf76001a68654a,FLAN-T5-base,squad2,False,0,,,,,,,,,,True,squad2
5acfeee177cf76001a686572,FLAN-T5-base,squad2,False,2,,,,,,,,,,True,squad2
57303048947a6a140053d257,FLAN-T5-base,squad2,False,1,,,,,,,,,,False,squad2
573062662461fd1900a9cdfb,FLAN-T5-base,squad2,False,2,,,,,,,,,,False,squad2
57306797396df919000960ee,FLAN-T5-base,squad2,False,0,,,,,,,,,,False,squad2
57306797396df919000960f2,FLAN-T5-base,squad2,False,0,,,,,,,,,,False,squad2
5acff4b177cf76001a686616,FLAN-T5-base,squad2,False,0,,,,,,,,,,True,squad2
5acff5b077cf76001a68662c,FLAN-T5-base,squad2,False,1,,,,,,,,,,True,squad2
5acff63377cf76001a68665a,FLAN-T5-base,squad2,False,1,,,,,,,,,,True,squad2
5acff63377cf76001a68665c,FLAN-T5-base,squad2,False,1,,,,,,,,,,True,squad2
5730876a396df9190009617c,FLAN-T5-base,squad2,False,2,,,,,,,,,,False,squad2
57308ddc396df919000961a6,FLAN-T5-base,squad2,False,2,,,,,,,,,,False,squad2
5730909d8ab72b1400f9c58e,FLAN-T5-base,squad2,False,0,,,,,,,,,,False,squad2
5ad02de177cf76001a686d15,FLAN-T5-base,squad2,False,1,,,,,,,,,,True,squad2
57309564069b5314008321a6,FLAN-T5-base,squad2,False,2,,,,,,,,,,False,squad2
57309564069b5314008321a9,FLAN-T5-base,squad2,False,0,,,,,,,,,,False,squad2
57309ef18ab72b1400f9c603,FLAN-T5-base,squad2,False,1,,,,,,,,,,False,squad2
5730a0778ab72b1400f9c60b,FLAN-T5-base,squad2,False,0,,,,,,,,,,False,squad2
5730a314069b5314008321eb,FLAN-T5-base,squad2,False,1,,,,,,,,,,False,squad2
5ad0316177cf76001a686ddc,FLAN-T5-base,squad2,False,1,,,,,,,,,,True,squad2
5ad031ef77cf76001a686df6,FLAN-T5-base,squad2,False,1,,,,,,,,,,True,squad2
5730a951069b531400832217,FLAN-T5-base,squad2,False,0,,,,,,,,,,False,squad2
5ad0322877cf76001a686dfc,FLAN-T5-base,squad2,False,1,,,,,,,,,,True,squad2
5ad0354e77cf76001a686e1f,FLAN-T5-base,squad2,True,3,1.0,-1.6017132519074577e-15,-8.008566259537289e-16,True,unanswerable,True,1.0,1.0,-0.0015204588220399274,True,squad2
5730ac782461fd1900a9cf75,FLAN-T5-base,squad2,False,2,,,,,,,,,,False,squad2
5730aef38ab72b1400f9c683,FLAN-T5-base,squad2,False,0,,,,,,,,,,False,squad2
5730b255396df919000962b4,FLAN-T5-base,squad2,False,2,,,,,,,,,,False,squad2
5730b4282461fd1900a9cfc6,FLAN-T5-base,squad2,False,2,,,,,,,,,,False,squad2
5730b541396df919000962c2,FLAN-T5-base,squad2,False,2,,,,,,,,,,False,squad2
5730b541396df919000962c5,FLAN-T5-base,squad2,False,1,,,,,,,,,,False,squad2
5730b7ce069b5314008322c7,FLAN-T5-base,squad2,False,1,,,,,,,,,,False,squad2
5730b8ca8ab72b1400f9c705,FLAN-T5-base,squad2,False,1,,,,,,,,,,False,squad2
5730b8ca8ab72b1400f9c707,FLAN-T5-base,squad2,True,3,3.0,1.4999999999999956,0.7499999999999978,False,allow for U.S authorship of a 'new world' which was to be characterized by geographical order,True,1.0,1.0,-0.08280494523780363,False,squad2
5730bd00069b5314008322d9,FLAN-T5-base,squad2,False,2,,,,,,,,,,False,squad2
5ad4bdbd5b96ef001a109edc,FLAN-T5-base,squad2,False,2,,,,,,,,,,True,squad2
5ad50bb95b96ef001a10aab0,FLAN-T5-base,squad2,False,0,,,,,,,,,,True,squad2
57332562d058e614000b5734,FLAN-T5-base,squad2,False,1,,,,,,,,,,False,squad2
5ad4bea25b96ef001a109ef8,FLAN-T5-base,squad2,False,2,,,,,,,,,,True,squad2
5ad4c99d5b96ef001a10a0a3,FLAN-T5-base,squad2,False,2,,,,,,,,,,True,squad2
57332a734776f41900660729,FLAN-T5-base,squad2,False,2,,,,,,,,,,False,squad2
5ad4caf45b96ef001a10a0d6,FLAN-T5-base,squad2,False,1,,,,,,,,,,True,squad2
5ad50c9f5b96ef001a10aae0,FLAN-T5-base,squad2,False,0,,,,,,,,,,True,squad2
5ad50c9f5b96ef001a10aae4,FLAN-T5-base,squad2,False,2,,,,,,,,,,True,squad2
5ad4cd6e5b96ef001a10a124,FLAN-T5-base,squad2,False,2,,,,,,,,,,True,squad2
5ad4cd6e5b96ef001a10a128,FLAN-T5-base,squad2,False,2,,,,,,,,,,True,squad2
57335c20d058e614000b58fa,FLAN-T5-base,squad2,False,1,,,,,,,,,,False,squad2
5ad4d2855b96ef001a10a1dd,FLAN-T5-base,squad2,True,3,1.0,-1.6017132519074577e-15,-8.008566259537289e-16,True,Warsaw Escarpment,False,0.0,0.0,-0.10313736368945163,True,squad2
57335ddbd058e614000b5933,FLAN-T5-base,squad2,False,1,,,,,,,,,,False,squad2
57335fcad058e614000b5974,FLAN-T5-base,squad2,False,2,,,,,,,,,,False,squad2
573361404776f4190066093d,FLAN-T5-base,squad2,False,2,,,,,,,,,,False,squad2
573362b94776f41900660977,FLAN-T5-base,squad2,False,2,,,,,,,,,,False,squad2
5ad4d8d65b96ef001a10a363,FLAN-T5-base,squad2,False,1,,,,,,,,,,True,squad2
5733638fd058e614000b59e9,FLAN-T5-base,squad2,False,2,,,,,,,,,,False,squad2
5ad4d9be5b96ef001a10a3b4,FLAN-T5-base,squad2,False,2,,,,,,,,,,True,squad2
573368044776f41900660a29,FLAN-T5-base,squad2,False,2,,,,,,,,,,False,squad2
573368e54776f41900660a55,FLAN-T5-base,squad2,False,2,,,,,,,,,,False,squad2
57337ddc4776f41900660bba,FLAN-T5-base,squad2,False,1,,,,,,,,,,False,squad2
57337f6ad058e614000b5bce,FLAN-T5-base,squad2,True,3,1.0,-1.6017132519074577e-15,-8.008566259537289e-16,True,that Varsovians thought of themselves as better only because they lived in the capital,False,0.0,0.5555555555555556,-0.10621947259762186,False,squad2
5ad4f1c95b96ef001a10a729,FLAN-T5-base,squad2,False,2,,,,,,,,,,True,squad2
5ad4f4d95b96ef001a10a796,FLAN-T5-base,squad2,False,1,,,,,,,,,,True,squad2
573382d24776f41900660c38,FLAN-T5-base,squad2,False,2,,,,,,,,,,False,squad2
573382d24776f41900660c3a,FLAN-T5-base,squad2,False,0,,,,,,,,,,False,squad2
5733834ed058e614000b5c28,FLAN-T5-base,squad2,False,2,,,,,,,,,,False,squad2
5ad4f7235b96ef001a10a7de,FLAN-T5-base,squad2,False,2,,,,,,,,,,True,squad2
573383d0d058e614000b5c37,FLAN-T5-base,squad2,True,3,1.0,-1.6017132519074577e-15,-8.008566259537289e-16,True,Daewoo,True,1.0,1.0,-0.012977594267226777,False,squad2
57339555d058e614000b5df5,FLAN-T5-base,squad2,False,1,,,,,,,,,,False,squad2
5ad4fe635b96ef001a10a8ba,FLAN-T5-base,squad2,False,0,,,,,,,,,,True,squad2
57339dd94776f41900660ed0,FLAN-T5-base,squad2,False,2,,,,,,,,,,False,squad2
5ad500e95b96ef001a10a914,FLAN-T5-base,squad2,True,3,1.0,-1.6017132519074577e-15,-8.008566259537289e-16,True,Midsummer’s Night,False,0.0,0.0,-0.09400935691116631,True,squad2
5ad502385b96ef001a10a956,FLAN-T5-base,squad2,True,3,1.0,-1.6017132519074577e-15,-8.008566259537289e-16,True,unanswerable,True,1.0,1.0,-0.03458166226598678,True,squad2
5733a2a9d058e614000b5f2c,FLAN-T5-base,squad2,False,2,,,,,,,,,,False,squad2
5733a32bd058e614000b5f32,FLAN-T5-base,squad2,False,1,,,,,,,,,,False,squad2
5ad505165b96ef001a10a9f8,FLAN-T5-base,squad2,False,0,,,,,,,,,,True,squad2
5733a45d4776f41900660f25,FLAN-T5-base,squad2,False,1,,,,,,,,,,False,squad2
5ad507d25b96ef001a10aa4f,FLAN-T5-base,squad2,False,1,,,,,,,,,,True,squad2
5ad508665b96ef001a10aa6b,FLAN-T5-base,squad2,False,0,,,,,,,,,,True,squad2
5ad508665b96ef001a10aa6c,FLAN-T5-base,squad2,False,2,,,,,,,,,,True,squad2
5733a6ac4776f41900660f58,FLAN-T5-base,squad2,False,1,,,,,,,,,,False,squad2
5ad3a076604f3c001a3fe9aa,FLAN-T5-base,squad2,False,1,,,,,,,,,,True,squad2
5733d13e4776f419006612c8,FLAN-T5-base,squad2,False,1,,,,,,,,,,False,squad2
5733d249d058e614000b6331,FLAN-T5-base,squad2,False,1,,,,,,,,,,False,squad2
5733d2dbd058e614000b633b,FLAN-T5-base,squad2,False,1,,,,,,,,,,False,squad2
5ad3a3fc604f3c001a3fea79,FLAN-T5-base,squad2,False,1,,,,,,,,,,True,squad2
5ad3a733604f3c001a3feacb,FLAN-T5-base,squad2,False,1,,,,,,,,,,True,squad2
5ad3a79a604f3c001a3fead6,FLAN-T5-base,squad2,True,3,1.0,-1.6017132519074577e-15,-8.008566259537289e-16,True,unanswerable,True,1.0,1.0,-0.027171214828013036,True,squad2
5ad3a7ef604f3c001a3feadd,FLAN-T5-base,squad2,True,3,2.0,0.8112781244591301,0.40563906222956503,False,informed them of the French claims on the territory and told them to leave,False,0.0,0.0,-0.07152156879739474,True,squad2
5733dc95d058e614000b644a,FLAN-T5-base,squad2,False,2,,,,,,,,,,False,squad2
5ad3a893604f3c001a3feafd,FLAN-T5-base,squad2,False,2,,,,,,,,,,True,squad2
5733e5a14776f4190066145f,FLAN-T5-base,squad2,False,2,,,,,,,,,,False,squad2
5ad3a8fe604f3c001a3feb07,FLAN-T5-base,squad2,False,1,,,,,,,,,,True,squad2
5ad3a8fe604f3c001a3feb08,FLAN-T5-base,squad2,False,1,,,,,,,,,,True,squad2
5ad3ade2604f3c001a3fec15,FLAN-T5-base,squad2,False,2,,,,,,,,,,True,squad2
5ad3ade2604f3c001a3fec17,FLAN-T5-base,squad2,False,1,,,,,,,,,,True,squad2
5ad3ae4f604f3c001a3fec4a,FLAN-T5-base,squad2,False,2,,,,,,,,,,True,squad2
5733ef47d058e614000b662e,FLAN-T5-base,squad2,False,2,,,,,,,,,,False,squad2
5ad3af4e604f3c001a3fec74,FLAN-T5-base,squad2,False,0,,,,,,,,,,True,squad2
5ad3af4e604f3c001a3fec76,FLAN-T5-base,squad2,True,3,2.0,0.8112781244591301,0.40563906222956503,False,unanswerable,True,1.0,1.0,-0.13107681099070306,True,squad2
5733f410d058e614000b6664,FLAN-T5-base,squad2,False,1,,,,,,,,,,False,squad2
5ad3b1be604f3c001a3fecea,FLAN-T5-base,squad2,False,0,,,,,,,,,,True,squad2
5ad3b260604f3c001a3fed07,FLAN-T5-base,squad2,False,1,,,,,,,,,,True,squad2
5733f8dc4776f419006615fa,FLAN-T5-base,squad2,False,0,,,,,,,,,,False,squad2
5733f9fa4776f4190066161f,FLAN-T5-base,squad2,False,2,,,,,,,,,,False,squad2
5ad3b3dc604f3c001a3fed69,FLAN-T5-base,squad2,False,2,,,,,,,,,,True,squad2
5ad3b498604f3c001a3fed7f,FLAN-T5-base,squad2,False,1,,,,,,,,,,True,squad2
5ad3b567604f3c001a3fedb3,FLAN-T5-base,squad2,False,1,,,,,,,,,,True,squad2
5733fe73d058e614000b6740,FLAN-T5-base,squad2,False,1,,,,,,,,,,False,squad2
5ad3b781604f3c001a3fee26,FLAN-T5-base,squad2,False,2,,,,,,,,,,True,squad2
5ad3b826604f3c001a3fee4b,FLAN-T5-base,squad2,False,1,,,,,,,,,,True,squad2
57340111d058e614000b677f,FLAN-T5-base,squad2,True,3,1.0,-1.6017132519074577e-15,-8.008566259537289e-16,True,"Carillon, Quebec, and Louisbourg",False,0.0,0.5714285714285715,-0.05728104671733389,False,squad2
573403394776f419006616de,FLAN-T5-base,squad2,True,3,1.0,-1.6017132519074577e-15,-8.008566259537289e-16,True,unanswerable,False,0.0,0.0,-0.09939043494248381,False,squad2
573403394776f419006616e0,FLAN-T5-base,squad2,False,0,,,,,,,,,,False,squad2
5ad3bb12604f3c001a3feeba,FLAN-T5-base,squad2,False,2,,,,,,,,,,True,squad2
5ad3bb12604f3c001a3feebc,FLAN-T5-base,squad2,False,1,,,,,,,,,,True,squad2
573407d7d058e614000b6813,FLAN-T5-base,squad2,False,0,,,,,,,,,,False,squad2
5ad3bbcc604f3c001a3feed1,FLAN-T5-base,squad2,False,2,,,,,,,,,,True,squad2
5ad3bce5604f3c001a3feefd,FLAN-T5-base,squad2,False,0,,,,,,,,,,True,squad2
57340b1bd058e614000b686b,FLAN-T5-base,squad2,False,2,,,,,,,,,,False,squad2
57373a9fc3c5551400e51e7d,FLAN-T5-base,squad2,False,0,,,,,,,,,,False,squad2
57373a9fc3c5551400e51e7e,FLAN-T5-base,squad2,False,0,,,,,,,,,,False,squad2
5ad26382d7d075001a42911a,FLAN-T5-base,squad2,True,3,1.0,-1.6017132519074577e-15,-8.008566259537289e-16,True,unanswerable,True,1.0,1.0,-0.0001873508601420326,True,squad2
5ad266f6d7d075001a429200,FLAN-T5-base,squad2,False,1,,,,,,,,,,True,squad2
573766251c45671900574471,FLAN-T5-base,squad2,False,2,,,,,,,,,,False,squad2
5ad26925d7d075001a4292c7,FLAN-T5-base,squad2,False,2,,,,,,,,,,True,squad2
5ad26c15d7d075001a42937e,FLAN-T5-base,squad2,False,1,,,,,,,,,,True,squad2
57377c98c3c5551400e51efb,FLAN-T5-base,squad2,False,0,,,,,,,,,,False,squad2
57377ec7c3c5551400e51f09,FLAN-T5-base,squad2,False,1,,,,,,,,,,False,squad2
5ad27941d7d075001a4295a9,FLAN-T5-base,squad2,False,2,,,,,,,,,,True,squad2
5ad27e30d7d075001a429703,FLAN-T5-base,squad2,False,2,,,,,,,,,,True,squad2
5ad27fb9d7d075001a429783,FLAN-T5-base,squad2,False,2,,,,,,,,,,True,squad2
5ad28035d7d075001a4297a9,FLAN-T5-base,squad2,False,1,,,,,,,,,,True,squad2
57378e311c456719005744b0,FLAN-T5-base,squad2,False,2,,,,,,,,,,False,squad2
573796edc3c5551400e51f34,FLAN-T5-base,squad2,False,1,,,,,,,,,,False,squad2
5ad28614d7d075001a4298c2,FLAN-T5-base,squad2,False,0,,,,,,,,,,True,squad2
5ad286fdd7d075001a429903,FLAN-T5-base,squad2,False,2,,,,,,,,,,True,squad2
5ad2877cd7d075001a429912,FLAN-T5-base,squad2,False,0,,,,,,,,,,True,squad2
5737a5931c456719005744e7,FLAN-T5-base,squad2,False,1,,,,,,,,,,False,squad2
5737a5931c456719005744e9,FLAN-T5-base,squad2,False,2,,,,,,,,,,False,squad2
5ad28a57d7d075001a4299b0,FLAN-T5-base,squad2,False,0,,,,,,,,,,True,squad2
