dataset,model,signal,coverage,selective_accuracy,risk
CADEC,BERT-base,combined,1.0,0.3155759393191039,0.6844240606808961
CADEC,BERT-base,combined,0.95,0.3321574452283699,0.6678425547716301
CADEC,BERT-base,combined,0.9,0.35057809131883205,0.6494219086811679
CADEC,BERT-base,combined,0.85,0.37061631043785015,0.6293836895621499
CADEC,BERT-base,combined,0.8,0.39307760141093473,0.6069223985890653
CADEC,BERT-base,combined,0.75,0.4172154280338664,0.5827845719661335
CADEC,BERT-base,combined,0.7,0.4351221970269589,0.564877802973041
CADEC,BERT-base,combined,0.65,0.45210312075983716,0.5478968792401628
CADEC,BERT-base,combined,0.6,0.4729570840681952,0.5270429159318049
CADEC,BERT-base,combined,0.55,0.4923027581783194,0.5076972418216805
CADEC,BERT-base,combined,0.5,0.5259259259259259,0.4740740740740741
CADEC,BERT-base,combined,0.45,0.5505485893416928,0.4494514106583072
CADEC,BERT-base,combined,0.4,0.550705467372134,0.449294532627866
CADEC,BERT-base,combined,0.35,0.5380352644836272,0.46196473551637285
CADEC,BERT-base,combined,0.3,0.5902410346854792,0.40975896531452083
CADEC,BERT-base,combined,0.25,0.6748942172073342,0.3251057827926658
CADEC,BERT-base,combined,0.2,0.7107583774250441,0.2892416225749559
CADEC,BERT-base,combined,0.15,0.7473560517038778,0.25264394829612224
CADEC,BERT-base,combined,0.1,0.7654320987654321,0.23456790123456794
CADEC,BERT-base,entropy,1.0,0.3155759393191039,0.6844240606808961
CADEC,BERT-base,entropy,0.95,0.3321574452283699,0.6678425547716301
CADEC,BERT-base,entropy,0.9,0.35057809131883205,0.6494219086811679
CADEC,BERT-base,entropy,0.85,0.37061631043785015,0.6293836895621499
CADEC,BERT-base,entropy,0.8,0.39307760141093473,0.6069223985890653
CADEC,BERT-base,entropy,0.75,0.41415804327375355,0.5858419567262465
CADEC,BERT-base,entropy,0.7,0.43386243386243384,0.5661375661375662
CADEC,BERT-base,entropy,0.65,0.4507462686567164,0.5492537313432836
CADEC,BERT-base,entropy,0.6,0.47001763668430335,0.5299823633156966
CADEC,BERT-base,entropy,0.55,0.4903784477228993,0.5096215522771007
CADEC,BERT-base,entropy,0.5,0.5047619047619047,0.49523809523809526
CADEC,BERT-base,entropy,0.45,0.5058777429467085,0.4941222570532915
CADEC,BERT-base,entropy,0.4,0.5074955908289241,0.49250440917107585
CADEC,BERT-base,entropy,0.35,0.507808564231738,0.49219143576826196
CADEC,BERT-base,entropy,0.3,0.5079365079365079,0.4920634920634921
CADEC,BERT-base,entropy,0.25,0.5169252468265162,0.4830747531734838
CADEC,BERT-base,entropy,0.2,0.5079365079365079,0.4920634920634921
CADEC,BERT-base,entropy,0.15,0.4982373678025852,0.5017626321974148
CADEC,BERT-base,entropy,0.1,0.49559082892416223,0.5044091710758378
CADEC,BERT-base,mapping_confidence,1.0,0.3155759393191039,0.6844240606808961
CADEC,BERT-base,mapping_confidence,0.95,0.3321574452283699,0.6678425547716301
CADEC,BERT-base,mapping_confidence,0.9,0.34901038604742307,0.6509896139525769
CADEC,BERT-base,mapping_confidence,0.85,0.3641834405478315,0.6358165594521685
CADEC,BERT-base,mapping_confidence,0.8,0.38602292768959434,0.6139770723104057
CADEC,BERT-base,mapping_confidence,0.75,0.409689557855127,0.590310442144873
CADEC,BERT-base,mapping_confidence,0.7,0.4200050390526581,0.5799949609473418
CADEC,BERT-base,mapping_confidence,0.65,0.4371777476255088,0.5628222523744912
CADEC,BERT-base,mapping_confidence,0.6,0.45091122868900646,0.5490887713109935
CADEC,BERT-base,mapping_confidence,0.55,0.4573444515715202,0.5426555484284799
CADEC,BERT-base,mapping_confidence,0.5,0.454673721340388,0.545326278659612
CADEC,BERT-base,mapping_confidence,0.45,0.4827586206896552,0.5172413793103448
CADEC,BERT-base,mapping_confidence,0.4,0.5238095238095238,0.47619047619047616
CADEC,BERT-base,mapping_confidence,0.35,0.581360201511335,0.41863979848866495
CADEC,BERT-base,mapping_confidence,0.3,0.6566725455614344,0.3433274544385656
CADEC,BERT-base,mapping_confidence,0.25,0.6622002820874471,0.3377997179125529
CADEC,BERT-base,mapping_confidence,0.2,0.7028218694885362,0.2971781305114638
CADEC,BERT-base,mapping_confidence,0.15,0.7356051703877791,0.26439482961222094
CADEC,BERT-base,mapping_confidence,0.1,0.7601410934744268,0.23985890652557318
CADEC,BERT-base,random,1.0,0.31557593931910394,0.684424060680896
CADEC,BERT-base,random,0.95,0.3154567396955068,0.6845432603044932
CADEC,BERT-base,random,0.9,0.3153831079757006,0.6846168920242994
CADEC,BERT-base,random,0.85,0.3153040049802863,0.6846959950197137
CADEC,BERT-base,random,0.8,0.31457231040564376,0.6854276895943563
CADEC,BERT-base,random,0.75,0.31446378174976475,0.6855362182502353
CADEC,BERT-base,random,0.7,0.31386999244142105,0.686130007558579
CADEC,BERT-base,random,0.65,0.3141519674355495,0.6858480325644505
CADEC,BERT-base,random,0.6,0.31378600823045266,0.6862139917695473
CADEC,BERT-base,random,0.55,0.31347017318794096,0.686529826812059
CADEC,BERT-base,random,0.5,0.312962962962963,0.687037037037037
CADEC,BERT-base,random,0.45,0.3118926332288401,0.6881073667711599
CADEC,BERT-base,random,0.4,0.3109126984126984,0.6890873015873016
CADEC,BERT-base,random,0.35,0.3124181360201511,0.6875818639798489
CADEC,BERT-base,random,0.3,0.3125220458553791,0.6874779541446209
CADEC,BERT-base,random,0.25,0.3129407616361072,0.6870592383638928
CADEC,BERT-base,random,0.2,0.3121693121693122,0.6878306878306878
CADEC,BERT-base,random,0.15,0.3116921269095182,0.6883078730904818
CADEC,BERT-base,random,0.1,0.3132275132275132,0.6867724867724868
CADEC,BioBERT,combined,1.0,0.4103016405009702,0.5896983594990298
CADEC,BioBERT,combined,0.95,0.43167471221685855,0.5683252877831415
CADEC,BioBERT,combined,0.9,0.4552224181853812,0.5447775818146188
CADEC,BioBERT,combined,0.85,0.4810126582278481,0.5189873417721519
CADEC,BioBERT,combined,0.8,0.5105820105820106,0.4894179894179894
CADEC,BioBERT,combined,0.75,0.5411571025399812,0.45884289746001883
CADEC,BioBERT,combined,0.7,0.5731922398589065,0.42680776014109345
CADEC,BioBERT,combined,0.65,0.6127544097693352,0.38724559023066485
CADEC,BioBERT,combined,0.6,0.6504997060552616,0.34950029394473836
CADEC,BioBERT,combined,0.55,0.6972418216805645,0.3027581783194355
CADEC,BioBERT,combined,0.5,0.7171075837742504,0.28289241622574957
CADEC,BioBERT,combined,0.45,0.7370689655172413,0.2629310344827587
CADEC,BioBERT,combined,0.4,0.75,0.25
CADEC,BioBERT,combined,0.35,0.744080604534005,0.25591939546599496
CADEC,BioBERT,combined,0.3,0.7489711934156379,0.2510288065843621
CADEC,BioBERT,combined,0.25,0.7440056417489421,0.2559943582510579
CADEC,BioBERT,combined,0.2,0.7522045855379189,0.2477954144620811
CADEC,BioBERT,combined,0.15,0.7602820211515864,0.23971797884841362
CADEC,BioBERT,combined,0.1,0.7619047619047619,0.23809523809523814
CADEC,BioBERT,entropy,1.0,0.4103016405009702,0.5896983594990298
CADEC,BioBERT,entropy,0.95,0.43167471221685855,0.5683252877831415
CADEC,BioBERT,entropy,0.9,0.4554183813443073,0.5445816186556927
CADEC,BioBERT,entropy,0.85,0.4810126582278481,0.5189873417721519
CADEC,BioBERT,entropy,0.8,0.5105820105820106,0.4894179894179894
CADEC,BioBERT,entropy,0.75,0.5395108184383819,0.4604891815616181
CADEC,BioBERT,entropy,0.7,0.5731922398589065,0.42680776014109345
CADEC,BioBERT,entropy,0.65,0.6108548168249661,0.3891451831750339
CADEC,BioBERT,entropy,0.6,0.647854203409759,0.35214579659024103
CADEC,BioBERT,entropy,0.55,0.6475304682488775,0.3524695317511225
CADEC,BioBERT,entropy,0.5,0.6529100529100529,0.3470899470899471
CADEC,BioBERT,entropy,0.45,0.6547805642633229,0.3452194357366771
CADEC,BioBERT,entropy,0.4,0.6556437389770723,0.3443562610229277
CADEC,BioBERT,entropy,0.35,0.6619647355163728,0.3380352644836272
CADEC,BioBERT,entropy,0.3,0.6690182245737801,0.33098177542621987
CADEC,BioBERT,entropy,0.25,0.6791255289139634,0.3208744710860366
CADEC,BioBERT,entropy,0.2,0.671957671957672,0.328042328042328
CADEC,BioBERT,entropy,0.15,0.6839012925969448,0.31609870740305523
CADEC,BioBERT,entropy,0.1,0.691358024691358,0.308641975308642
CADEC,BioBERT,mapping_confidence,1.0,0.4103016405009702,0.5896983594990298
CADEC,BioBERT,mapping_confidence,0.95,0.43167471221685855,0.5683252877831415
CADEC,BioBERT,mapping_confidence,0.9,0.4536547129139722,0.5463452870860278
CADEC,BioBERT,mapping_confidence,0.85,0.4741647644739573,0.5258352355260427
CADEC,BioBERT,mapping_confidence,0.8,0.5004409171075838,0.49955908289241624
CADEC,BioBERT,mapping_confidence,0.75,0.5246942615239887,0.4753057384760113
CADEC,BioBERT,mapping_confidence,0.7,0.5512723607961704,0.44872763920382963
CADEC,BioBERT,mapping_confidence,0.65,0.5649932157394844,0.43500678426051564
CADEC,BioBERT,mapping_confidence,0.6,0.5958259847148736,0.4041740152851264
CADEC,BioBERT,mapping_confidence,0.55,0.6234765875561257,0.37652341244387433
CADEC,BioBERT,mapping_confidence,0.5,0.6440917107583775,0.35590828924162254
CADEC,BioBERT,mapping_confidence,0.45,0.6606583072100314,0.3393416927899686
CADEC,BioBERT,mapping_confidence,0.4,0.667989417989418,0.332010582010582
CADEC,BioBERT,mapping_confidence,0.35,0.6921914357682619,0.3078085642317381
CADEC,BioBERT,mapping_confidence,0.3,0.7019400352733686,0.29805996472663143
CADEC,BioBERT,mapping_confidence,0.25,0.7108603667136812,0.28913963328631875
CADEC,BioBERT,mapping_confidence,0.2,0.7231040564373897,0.27689594356261027
CADEC,BioBERT,mapping_confidence,0.15,0.736780258519389,0.263219741480611
CADEC,BioBERT,mapping_confidence,0.1,0.7548500881834215,0.24514991181657853
CADEC,BioBERT,random,1.0,0.4103016405009702,0.5896983594990298
CADEC,BioBERT,random,0.95,0.4103416264389157,0.5896583735610843
CADEC,BioBERT,random,0.9,0.41008230452674904,0.589917695473251
CADEC,BioBERT,random,0.85,0.4097634363975929,0.5902365636024072
CADEC,BioBERT,random,0.8,0.4102513227513227,0.5897486772486773
CADEC,BioBERT,random,0.75,0.4101246472248354,0.5898753527751646
CADEC,BioBERT,random,0.7,0.4104434366339128,0.5895565633660872
CADEC,BioBERT,random,0.65,0.4109769335142469,0.5890230664857531
CADEC,BioBERT,random,0.6,0.41125808348030574,0.5887419165196943
CADEC,BioBERT,random,0.55,0.4117062219371392,0.5882937780628608
CADEC,BioBERT,random,0.5,0.4117813051146385,0.5882186948853615
CADEC,BioBERT,random,0.45,0.41155956112852665,0.5884404388714733
CADEC,BioBERT,random,0.4,0.4120590828924162,0.5879409171075838
CADEC,BioBERT,random,0.35,0.4119143576826197,0.5880856423173804
CADEC,BioBERT,random,0.3,0.4127865961199294,0.5872134038800706
CADEC,BioBERT,random,0.25,0.4097672778561354,0.5902327221438646
CADEC,BioBERT,random,0.2,0.4108906525573192,0.5891093474426807
CADEC,BioBERT,random,0.15,0.4113983548766158,0.5886016451233842
CADEC,BioBERT,random,0.1,0.4135802469135802,0.5864197530864198
CADEC,BioMistral-7B,combined,1.0,0.24403604877186783,0.7559639512281322
CADEC,BioMistral-7B,combined,0.95,0.25292914264459737,0.7470708573554026
CADEC,BioMistral-7B,combined,0.9,0.26030624263839813,0.7396937573616018
CADEC,BioMistral-7B,combined,0.85,0.2660569528164623,0.7339430471835378
CADEC,BioMistral-7B,combined,0.8,0.27230565371024734,0.7276943462897527
CADEC,BioMistral-7B,combined,0.75,0.2833922261484099,0.7166077738515901
CADEC,BioMistral-7B,combined,0.7,0.28319030792529026,0.7168096920747098
CADEC,BioMistral-7B,combined,0.65,0.2905680891546616,0.7094319108453384
CADEC,BioMistral-7B,combined,0.6,0.29711425206124853,0.7028857479387515
CADEC,BioMistral-7B,combined,0.55,0.2990684227433344,0.7009315772566656
CADEC,BioMistral-7B,combined,0.5,0.30424028268551234,0.6957597173144876
CADEC,BioMistral-7B,combined,0.45,0.31841382018060466,0.6815861798193954
CADEC,BioMistral-7B,combined,0.4,0.30697879858657245,0.6930212014134276
CADEC,BioMistral-7B,combined,0.35,0.28924785461887936,0.7107521453811206
CADEC,BioMistral-7B,combined,0.3,0.29387514723203767,0.7061248527679623
CADEC,BioMistral-7B,combined,0.25,0.303886925795053,0.6961130742049471
CADEC,BioMistral-7B,combined,0.2,0.3286219081272085,0.6713780918727915
CADEC,BioMistral-7B,combined,0.15,0.37691401648998824,0.6230859835100118
CADEC,BioMistral-7B,combined,0.1,0.42579505300353354,0.5742049469964665
CADEC,BioMistral-7B,entropy,1.0,0.24403604877186783,0.7559639512281322
CADEC,BioMistral-7B,entropy,0.95,0.2512553468476846,0.7487446531523154
CADEC,BioMistral-7B,entropy,0.9,0.2593246957204554,0.7406753042795446
CADEC,BioMistral-7B,entropy,0.85,0.2660569528164623,0.7339430471835378
CADEC,BioMistral-7B,entropy,0.8,0.27186395759717313,0.7281360424028269
CADEC,BioMistral-7B,entropy,0.75,0.27656065959952886,0.7234393404004711
CADEC,BioMistral-7B,entropy,0.7,0.281675921251893,0.718324078748107
CADEC,BioMistral-7B,entropy,0.65,0.29029627616200054,0.7097037238379995
CADEC,BioMistral-7B,entropy,0.6,0.2944640753828033,0.7055359246171967
CADEC,BioMistral-7B,entropy,0.55,0.30131705750080306,0.6986829424991969
CADEC,BioMistral-7B,entropy,0.5,0.30459363957597174,0.6954063604240283
CADEC,BioMistral-7B,entropy,0.45,0.31173930113859444,0.6882606988614055
CADEC,BioMistral-7B,entropy,0.4,0.3131625441696113,0.6868374558303887
CADEC,BioMistral-7B,entropy,0.35,0.31953558808682486,0.6804644119131751
CADEC,BioMistral-7B,entropy,0.3,0.3215547703180212,0.6784452296819787
CADEC,BioMistral-7B,entropy,0.25,0.3399293286219081,0.6600706713780919
CADEC,BioMistral-7B,entropy,0.2,0.338339222614841,0.661660777385159
CADEC,BioMistral-7B,entropy,0.15,0.3415783274440518,0.6584216725559482
CADEC,BioMistral-7B,entropy,0.1,0.36042402826855124,0.6395759717314488
CADEC,BioMistral-7B,mapping_confidence,1.0,0.24403604877186783,0.7559639512281322
CADEC,BioMistral-7B,mapping_confidence,0.95,0.24381625441696114,0.7561837455830389
CADEC,BioMistral-7B,mapping_confidence,0.9,0.24322732626619553,0.7567726737338045
CADEC,BioMistral-7B,mapping_confidence,0.85,0.24277696944502183,0.7572230305549782
CADEC,BioMistral-7B,mapping_confidence,0.8,0.23785335689045936,0.7621466431095406
CADEC,BioMistral-7B,mapping_confidence,0.75,0.2287396937573616,0.7712603062426384
CADEC,BioMistral-7B,mapping_confidence,0.7,0.2319535588086825,0.7680464411913175
CADEC,BioMistral-7B,mapping_confidence,0.65,0.23430279967382442,0.7656972003261756
CADEC,BioMistral-7B,mapping_confidence,0.6,0.23910482921083628,0.7608951707891637
CADEC,BioMistral-7B,mapping_confidence,0.55,0.24413748795374238,0.7558625120462577
CADEC,BioMistral-7B,mapping_confidence,0.5,0.24982332155477033,0.7501766784452297
CADEC,BioMistral-7B,mapping_confidence,0.45,0.26580290537887713,0.7341970946211229
CADEC,BioMistral-7B,mapping_confidence,0.4,0.2871024734982332,0.7128975265017667
CADEC,BioMistral-7B,mapping_confidence,0.35,0.30843008581524484,0.6915699141847551
CADEC,BioMistral-7B,mapping_confidence,0.3,0.3309776207302709,0.6690223792697291
CADEC,BioMistral-7B,mapping_confidence,0.25,0.3660777385159011,0.6339222614840989
CADEC,BioMistral-7B,mapping_confidence,0.2,0.4107773851590106,0.5892226148409894
CADEC,BioMistral-7B,mapping_confidence,0.15,0.48881036513545345,0.5111896348645466
CADEC,BioMistral-7B,mapping_confidence,0.1,0.6201413427561837,0.3798586572438163
CADEC,BioMistral-7B,random,1.0,0.24403604877186785,0.7559639512281322
CADEC,BioMistral-7B,random,0.95,0.24405802492095968,0.7559419750790404
CADEC,BioMistral-7B,random,0.9,0.2439536709854731,0.756046329014527
CADEC,BioMistral-7B,random,0.85,0.24422157555601745,0.7557784244439826
CADEC,BioMistral-7B,random,0.8,0.24423586572438166,0.7557641342756183
CADEC,BioMistral-7B,random,0.75,0.24515901060070672,0.7548409893992933
CADEC,BioMistral-7B,random,0.7,0.24481322564361435,0.7551867743563856
CADEC,BioMistral-7B,random,0.65,0.24427833650448488,0.7557216634955151
CADEC,BioMistral-7B,random,0.6,0.24427267373380449,0.7557273262661955
CADEC,BioMistral-7B,random,0.55,0.24511725024092518,0.7548827497590749
CADEC,BioMistral-7B,random,0.5,0.24499999999999997,0.755
CADEC,BioMistral-7B,random,0.45,0.24570082449941105,0.754299175500589
CADEC,BioMistral-7B,random,0.4,0.24617932862190814,0.7538206713780918
CADEC,BioMistral-7B,random,0.35,0.24500252397778896,0.754997476022211
CADEC,BioMistral-7B,random,0.3,0.2447879858657244,0.7552120141342756
CADEC,BioMistral-7B,random,0.25,0.24328621908127207,0.7567137809187279
CADEC,BioMistral-7B,random,0.2,0.24363957597173144,0.7563604240282685
CADEC,BioMistral-7B,random,0.15,0.24263839811542992,0.7573616018845701
CADEC,BioMistral-7B,random,0.1,0.2435512367491166,0.7564487632508834
CADEC,FLAN-T5-base,combined,1.0,0.20518701482004234,0.7948129851799577
CADEC,FLAN-T5-base,combined,0.95,0.21188486536675952,0.7881151346332405
CADEC,FLAN-T5-base,combined,0.9,0.2159937279498236,0.7840062720501764
CADEC,FLAN-T5-base,combined,0.85,0.21814030718140306,0.7818596928185969
CADEC,FLAN-T5-base,combined,0.8,0.22513781697905183,0.7748621830209481
CADEC,FLAN-T5-base,combined,0.75,0.22912255939778875,0.7708774406022112
CADEC,FLAN-T5-base,combined,0.7,0.2313508064516129,0.7686491935483871
CADEC,FLAN-T5-base,combined,0.65,0.2390773405698779,0.7609226594301222
CADEC,FLAN-T5-base,combined,0.6,0.24728021170244047,0.7527197882975596
CADEC,FLAN-T5-base,combined,0.55,0.25240538806927515,0.7475946119307249
CADEC,FLAN-T5-base,combined,0.5,0.26146788990825687,0.7385321100917431
CADEC,FLAN-T5-base,combined,0.45,0.26421011368090946,0.7357898863190906
CADEC,FLAN-T5-base,combined,0.4,0.26322751322751325,0.7367724867724867
CADEC,FLAN-T5-base,combined,0.35,0.2620967741935484,0.7379032258064516
CADEC,FLAN-T5-base,combined,0.3,0.26161081716637274,0.7383891828336273
CADEC,FLAN-T5-base,combined,0.25,0.25335215243472126,0.7466478475652787
CADEC,FLAN-T5-base,combined,0.2,0.26278659611992944,0.7372134038800706
CADEC,FLAN-T5-base,combined,0.15,0.29494712103407755,0.7050528789659225
CADEC,FLAN-T5-base,combined,0.1,0.328042328042328,0.671957671957672
CADEC,FLAN-T5-base,entropy,1.0,0.20518701482004234,0.7948129851799577
CADEC,FLAN-T5-base,entropy,0.95,0.21039925719591457,0.7896007428040854
CADEC,FLAN-T5-base,entropy,0.9,0.21540572324578597,0.784594276754214
CADEC,FLAN-T5-base,entropy,0.85,0.21834786218347862,0.7816521378165213
CADEC,FLAN-T5-base,entropy,0.8,0.22425578831312018,0.7757442116868798
CADEC,FLAN-T5-base,entropy,0.75,0.22841684309574217,0.7715831569042578
CADEC,FLAN-T5-base,entropy,0.7,0.2313508064516129,0.7686491935483871
CADEC,FLAN-T5-base,entropy,0.65,0.2407055630936228,0.7592944369063772
CADEC,FLAN-T5-base,entropy,0.6,0.24669214936783299,0.753307850632167
CADEC,FLAN-T5-base,entropy,0.55,0.25465041693393203,0.7453495830660679
CADEC,FLAN-T5-base,entropy,0.5,0.25864502470007056,0.7413549752999294
CADEC,FLAN-T5-base,entropy,0.45,0.2618580948647589,0.7381419051352411
CADEC,FLAN-T5-base,entropy,0.4,0.2724867724867725,0.7275132275132274
CADEC,FLAN-T5-base,entropy,0.35,0.2762096774193548,0.7237903225806452
CADEC,FLAN-T5-base,entropy,0.3,0.2857142857142857,0.7142857142857143
CADEC,FLAN-T5-base,entropy,0.25,0.28722653493295697,0.712773465067043
CADEC,FLAN-T5-base,entropy,0.2,0.2980599647266314,0.7019400352733687
CADEC,FLAN-T5-base,entropy,0.15,0.3078730904817861,0.6921269095182139
CADEC,FLAN-T5-base,entropy,0.1,0.31922398589065254,0.6807760141093475
CADEC,FLAN-T5-base,mapping_confidence,1.0,0.20518701482004234,0.7948129851799577
CADEC,FLAN-T5-base,mapping_confidence,0.95,0.20724233983286908,0.7927576601671309
CADEC,FLAN-T5-base,mapping_confidence,0.9,0.20560564484515875,0.7943943551548412
CADEC,FLAN-T5-base,mapping_confidence,0.85,0.20672478206724781,0.7932752179327522
CADEC,FLAN-T5-base,mapping_confidence,0.8,0.20661521499448732,0.7933847850055127
CADEC,FLAN-T5-base,mapping_confidence,0.75,0.208656786638438,0.791343213361562
CADEC,FLAN-T5-base,mapping_confidence,0.7,0.21018145161290322,0.7898185483870968
CADEC,FLAN-T5-base,mapping_confidence,0.65,0.2130257801899593,0.7869742198100407
CADEC,FLAN-T5-base,mapping_confidence,0.6,0.2149367832990297,0.7850632167009703
CADEC,FLAN-T5-base,mapping_confidence,0.55,0.21648492623476587,0.7835150737652341
CADEC,FLAN-T5-base,mapping_confidence,0.5,0.21594918842625266,0.7840508115737473
CADEC,FLAN-T5-base,mapping_confidence,0.45,0.21481771854174833,0.7851822814582516
CADEC,FLAN-T5-base,mapping_confidence,0.4,0.21340388007054673,0.7865961199294533
CADEC,FLAN-T5-base,mapping_confidence,0.35,0.23084677419354838,0.7691532258064516
CADEC,FLAN-T5-base,mapping_confidence,0.3,0.25044091710758376,0.7495590828924162
CADEC,FLAN-T5-base,mapping_confidence,0.25,0.2646436132674665,0.7353563867325335
CADEC,FLAN-T5-base,mapping_confidence,0.2,0.291005291005291,0.7089947089947091
CADEC,FLAN-T5-base,mapping_confidence,0.15,0.33490011750881316,0.6650998824911869
CADEC,FLAN-T5-base,mapping_confidence,0.1,0.4144620811287478,0.5855379188712522
CADEC,FLAN-T5-base,random,1.0,0.20518701482004237,0.7948129851799577
CADEC,FLAN-T5-base,random,0.95,0.20484679665738162,0.7951532033426184
CADEC,FLAN-T5-base,random,0.9,0.20509604076832613,0.7949039592316739
CADEC,FLAN-T5-base,random,0.85,0.20495018679950183,0.7950498132004982
CADEC,FLAN-T5-base,random,0.8,0.20523704520396913,0.7947629547960309
CADEC,FLAN-T5-base,random,0.75,0.20529287226534937,0.7947071277346507
CADEC,FLAN-T5-base,random,0.7,0.20538054435483874,0.7946194556451612
CADEC,FLAN-T5-base,random,0.65,0.2053459972862958,0.7946540027137042
CADEC,FLAN-T5-base,random,0.6,0.20579241399588355,0.7942075860041165
CADEC,FLAN-T5-base,random,0.55,0.20546824887748558,0.7945317511225144
CADEC,FLAN-T5-base,random,0.5,0.20654551870148202,0.793454481298518
CADEC,FLAN-T5-base,random,0.45,0.2064092512740102,0.7935907487259898
CADEC,FLAN-T5-base,random,0.4,0.20749559082892413,0.7925044091710759
CADEC,FLAN-T5-base,random,0.35,0.2072076612903226,0.7927923387096774
CADEC,FLAN-T5-base,random,0.3,0.2069664902998236,0.7930335097001764
CADEC,FLAN-T5-base,random,0.25,0.20733944954128442,0.7926605504587156
CADEC,FLAN-T5-base,random,0.2,0.2069664902998236,0.7930335097001764
CADEC,FLAN-T5-base,random,0.15,0.21045828437132785,0.7895417156286721
CADEC,FLAN-T5-base,random,0.1,0.21181657848324514,0.7881834215167549
CADEC,Llama3-OpenBioLLM-8B,combined,1.0,0.42212030340448053,0.5778796965955195
CADEC,Llama3-OpenBioLLM-8B,combined,0.95,0.4422577051615299,0.55774229483847
CADEC,Llama3-OpenBioLLM-8B,combined,0.9,0.46678424456202233,0.5332157554379777
CADEC,Llama3-OpenBioLLM-8B,combined,0.85,0.4942934218717576,0.5057065781282424
CADEC,Llama3-OpenBioLLM-8B,combined,0.8,0.5251322751322751,0.4748677248677249
CADEC,Llama3-OpenBioLLM-8B,combined,0.75,0.5602069614299153,0.43979303857008467
CADEC,Llama3-OpenBioLLM-8B,combined,0.7,0.600151171579743,0.39984882842025704
CADEC,Llama3-OpenBioLLM-8B,combined,0.65,0.64640434192673,0.35359565807327
CADEC,Llama3-OpenBioLLM-8B,combined,0.6,0.7001763668430335,0.2998236331569665
CADEC,Llama3-OpenBioLLM-8B,combined,0.55,0.7459910198845414,0.2540089801154586
CADEC,Llama3-OpenBioLLM-8B,combined,0.5,0.7474426807760141,0.25255731922398594
CADEC,Llama3-OpenBioLLM-8B,combined,0.45,0.747257053291536,0.252742946708464
CADEC,Llama3-OpenBioLLM-8B,combined,0.4,0.7464726631393298,0.2535273368606702
CADEC,Llama3-OpenBioLLM-8B,combined,0.35,0.747103274559194,0.252896725440806
CADEC,Llama3-OpenBioLLM-8B,combined,0.3,0.7519106407995297,0.24808935920047026
CADEC,Llama3-OpenBioLLM-8B,combined,0.25,0.7581100141043724,0.2418899858956276
CADEC,Llama3-OpenBioLLM-8B,combined,0.2,0.746031746031746,0.25396825396825395
CADEC,Llama3-OpenBioLLM-8B,combined,0.15,0.763807285546416,0.23619271445358403
CADEC,Llama3-OpenBioLLM-8B,combined,0.1,0.781305114638448,0.21869488536155202
CADEC,Llama3-OpenBioLLM-8B,entropy,1.0,0.42212030340448053,0.5778796965955195
CADEC,Llama3-OpenBioLLM-8B,entropy,0.95,0.42703304864463426,0.5729669513553657
CADEC,Llama3-OpenBioLLM-8B,entropy,0.9,0.42935528120713307,0.5706447187928669
CADEC,Llama3-OpenBioLLM-8B,entropy,0.85,0.43266237808673996,0.56733762191326
CADEC,Llama3-OpenBioLLM-8B,entropy,0.8,0.43694885361552027,0.5630511463844797
CADEC,Llama3-OpenBioLLM-8B,entropy,0.75,0.44002822201317027,0.5599717779868297
CADEC,Llama3-OpenBioLLM-8B,entropy,0.7,0.4446963970773495,0.5553036029226506
CADEC,Llama3-OpenBioLLM-8B,entropy,0.65,0.4496607869742198,0.5503392130257803
CADEC,Llama3-OpenBioLLM-8B,entropy,0.6,0.4570840681951793,0.5429159318048207
CADEC,Llama3-OpenBioLLM-8B,entropy,0.55,0.4634381013470173,0.5365618986529828
CADEC,Llama3-OpenBioLLM-8B,entropy,0.5,0.46807760141093474,0.5319223985890653
CADEC,Llama3-OpenBioLLM-8B,entropy,0.45,0.475705329153605,0.5242946708463949
CADEC,Llama3-OpenBioLLM-8B,entropy,0.4,0.4757495590828924,0.5242504409171076
CADEC,Llama3-OpenBioLLM-8B,entropy,0.35,0.48161209068010075,0.5183879093198993
CADEC,Llama3-OpenBioLLM-8B,entropy,0.3,0.4773662551440329,0.522633744855967
CADEC,Llama3-OpenBioLLM-8B,entropy,0.25,0.4844851904090268,0.5155148095909732
CADEC,Llama3-OpenBioLLM-8B,entropy,0.2,0.49206349206349204,0.5079365079365079
CADEC,Llama3-OpenBioLLM-8B,entropy,0.15,0.48531139835487663,0.5146886016451233
CADEC,Llama3-OpenBioLLM-8B,entropy,0.1,0.49029982363315694,0.5097001763668431
CADEC,Llama3-OpenBioLLM-8B,mapping_confidence,1.0,0.42212030340448053,0.5778796965955195
CADEC,Llama3-OpenBioLLM-8B,mapping_confidence,0.95,0.4435573709617527,0.5564426290382474
CADEC,Llama3-OpenBioLLM-8B,mapping_confidence,0.9,0.4681559866745052,0.5318440133254948
CADEC,Llama3-OpenBioLLM-8B,mapping_confidence,0.85,0.4957460053953102,0.5042539946046898
CADEC,Llama3-OpenBioLLM-8B,mapping_confidence,0.8,0.5266754850088183,0.47332451499118167
CADEC,Llama3-OpenBioLLM-8B,mapping_confidence,0.75,0.5618532455315146,0.4381467544684854
CADEC,Llama3-OpenBioLLM-8B,mapping_confidence,0.7,0.6019148400100781,0.3980851599899219
CADEC,Llama3-OpenBioLLM-8B,mapping_confidence,0.65,0.648303934871099,0.35169606512890095
CADEC,Llama3-OpenBioLLM-8B,mapping_confidence,0.6,0.7022339800117577,0.29776601998824226
CADEC,Llama3-OpenBioLLM-8B,mapping_confidence,0.55,0.7456703014753047,0.25432969852469534
CADEC,Llama3-OpenBioLLM-8B,mapping_confidence,0.5,0.7474426807760141,0.25255731922398594
CADEC,Llama3-OpenBioLLM-8B,mapping_confidence,0.45,0.747257053291536,0.252742946708464
CADEC,Llama3-OpenBioLLM-8B,mapping_confidence,0.4,0.7455908289241623,0.2544091710758377
CADEC,Llama3-OpenBioLLM-8B,mapping_confidence,0.35,0.747103274559194,0.252896725440806
CADEC,Llama3-OpenBioLLM-8B,mapping_confidence,0.3,0.7519106407995297,0.24808935920047026
CADEC,Llama3-OpenBioLLM-8B,mapping_confidence,0.25,0.7574047954866009,0.2425952045133991
CADEC,Llama3-OpenBioLLM-8B,mapping_confidence,0.2,0.7451499118165785,0.2548500881834215
CADEC,Llama3-OpenBioLLM-8B,mapping_confidence,0.15,0.7626321974148061,0.23736780258519385
CADEC,Llama3-OpenBioLLM-8B,mapping_confidence,0.1,0.781305114638448,0.21869488536155202
CADEC,Llama3-OpenBioLLM-8B,random,1.0,0.42212030340448053,0.5778796965955195
CADEC,Llama3-OpenBioLLM-8B,random,0.95,0.42200148533234316,0.5779985146676568
CADEC,Llama3-OpenBioLLM-8B,random,0.9,0.4218204977464238,0.5781795022535763
CADEC,Llama3-OpenBioLLM-8B,random,0.85,0.42279518572317915,0.5772048142768209
CADEC,Llama3-OpenBioLLM-8B,random,0.8,0.4224096119929454,0.5775903880070545
CADEC,Llama3-OpenBioLLM-8B,random,0.75,0.42233066792097845,0.5776693320790216
CADEC,Llama3-OpenBioLLM-8B,random,0.7,0.42200806248425293,0.5779919375157471
CADEC,Llama3-OpenBioLLM-8B,random,0.65,0.4220352781546811,0.5779647218453189
CADEC,Llama3-OpenBioLLM-8B,random,0.6,0.42248677248677247,0.5775132275132275
CADEC,Llama3-OpenBioLLM-8B,random,0.55,0.42270686337395763,0.5772931366260423
CADEC,Llama3-OpenBioLLM-8B,random,0.5,0.422363315696649,0.577636684303351
CADEC,Llama3-OpenBioLLM-8B,random,0.45,0.4219043887147336,0.5780956112852664
CADEC,Llama3-OpenBioLLM-8B,random,0.4,0.42286155202821873,0.5771384479717813
CADEC,Llama3-OpenBioLLM-8B,random,0.35,0.42254408060453397,0.577455919395466
CADEC,Llama3-OpenBioLLM-8B,random,0.3,0.42281011169900057,0.5771898883009994
CADEC,Llama3-OpenBioLLM-8B,random,0.25,0.4227785613540197,0.5772214386459803
CADEC,Llama3-OpenBioLLM-8B,random,0.2,0.42477954144620805,0.5752204585537919
CADEC,Llama3-OpenBioLLM-8B,random,0.15,0.4262632197414806,0.5737367802585194
CADEC,Llama3-OpenBioLLM-8B,random,0.1,0.43201058201058207,0.5679894179894179
CADEC,Meta-Llama-3-8B-Instruct,combined,1.0,0.3656945510360706,0.6343054489639294
CADEC,Meta-Llama-3-8B-Instruct,combined,0.95,0.38449111470113084,0.6155088852988692
CADEC,Meta-Llama-3-8B-Instruct,combined,0.9,0.40503091025367727,0.5949690897463227
CADEC,Meta-Llama-3-8B-Instruct,combined,0.85,0.4276686978108779,0.5723313021891221
CADEC,Meta-Llama-3-8B-Instruct,combined,0.8,0.4529976019184652,0.5470023980815348
CADEC,Meta-Llama-3-8B-Instruct,combined,0.75,0.480685597339473,0.519314402660527
CADEC,Meta-Llama-3-8B-Instruct,combined,0.7,0.5078103590024664,0.4921896409975336
CADEC,Meta-Llama-3-8B-Instruct,combined,0.65,0.5469303423848878,0.4530696576151122
CADEC,Meta-Llama-3-8B-Instruct,combined,0.6,0.592071611253197,0.40792838874680304
CADEC,Meta-Llama-3-8B-Instruct,combined,0.55,0.6309731426578304,0.36902685734216956
CADEC,Meta-Llama-3-8B-Instruct,combined,0.5,0.6853415195702226,0.3146584804297774
CADEC,Meta-Llama-3-8B-Instruct,combined,0.45,0.726768968456948,0.27323103154305195
CADEC,Meta-Llama-3-8B-Instruct,combined,0.4,0.7290167865707434,0.2709832134292566
CADEC,Meta-Llama-3-8B-Instruct,combined,0.35,0.7265753424657534,0.2734246575342466
CADEC,Meta-Llama-3-8B-Instruct,combined,0.3,0.7301790281329923,0.2698209718670077
CADEC,Meta-Llama-3-8B-Instruct,combined,0.25,0.7375287797390637,0.2624712202609363
CADEC,Meta-Llama-3-8B-Instruct,combined,0.2,0.7459252157238735,0.2540747842761265
CADEC,Meta-Llama-3-8B-Instruct,combined,0.15,0.7301790281329923,0.2698209718670077
CADEC,Meta-Llama-3-8B-Instruct,combined,0.1,0.7528735632183908,0.24712643678160917
CADEC,Meta-Llama-3-8B-Instruct,entropy,1.0,0.3656945510360706,0.6343054489639294
CADEC,Meta-Llama-3-8B-Instruct,entropy,0.95,0.38449111470113084,0.6155088852988692
CADEC,Meta-Llama-3-8B-Instruct,entropy,0.9,0.40481773609038585,0.5951822639096142
CADEC,Meta-Llama-3-8B-Instruct,entropy,0.85,0.4278943805010156,0.5721056194989844
CADEC,Meta-Llama-3-8B-Instruct,entropy,0.8,0.4529976019184652,0.5470023980815348
CADEC,Meta-Llama-3-8B-Instruct,entropy,0.75,0.47966231772831924,0.5203376822716808
CADEC,Meta-Llama-3-8B-Instruct,entropy,0.7,0.5036996437380105,0.49630035626198954
CADEC,Meta-Llama-3-8B-Instruct,entropy,0.65,0.505608028335301,0.49439197166469895
CADEC,Meta-Llama-3-8B-Instruct,entropy,0.6,0.512468030690537,0.48753196930946296
CADEC,Meta-Llama-3-8B-Instruct,entropy,0.55,0.5179630275549355,0.4820369724450645
CADEC,Meta-Llama-3-8B-Instruct,entropy,0.5,0.5207214121258634,0.4792785878741366
CADEC,Meta-Llama-3-8B-Instruct,entropy,0.45,0.5277067348678602,0.47229326513213976
CADEC,Meta-Llama-3-8B-Instruct,entropy,0.4,0.5275779376498801,0.47242206235011985
CADEC,Meta-Llama-3-8B-Instruct,entropy,0.35,0.5347945205479452,0.4652054794520548
CADEC,Meta-Llama-3-8B-Instruct,entropy,0.3,0.5364450127877238,0.46355498721227617
CADEC,Meta-Llama-3-8B-Instruct,entropy,0.25,0.5257099002302379,0.4742900997697621
CADEC,Meta-Llama-3-8B-Instruct,entropy,0.2,0.5311601150527325,0.46883988494726747
CADEC,Meta-Llama-3-8B-Instruct,entropy,0.15,0.5319693094629157,0.46803069053708435
CADEC,Meta-Llama-3-8B-Instruct,entropy,0.1,0.5383141762452107,0.4616858237547893
CADEC,Meta-Llama-3-8B-Instruct,mapping_confidence,1.0,0.3656945510360706,0.6343054489639294
CADEC,Meta-Llama-3-8B-Instruct,mapping_confidence,0.95,0.3848949919224556,0.6151050080775444
CADEC,Meta-Llama-3-8B-Instruct,mapping_confidence,0.9,0.4063099552334257,0.5936900447665743
CADEC,Meta-Llama-3-8B-Instruct,mapping_confidence,0.85,0.4296998420221169,0.570300157977883
CADEC,Meta-Llama-3-8B-Instruct,mapping_confidence,0.8,0.4546762589928058,0.5453237410071943
CADEC,Meta-Llama-3-8B-Instruct,mapping_confidence,0.75,0.47889485801995396,0.5211051419800461
CADEC,Meta-Llama-3-8B-Instruct,mapping_confidence,0.7,0.5053439298437928,0.49465607015620716
CADEC,Meta-Llama-3-8B-Instruct,mapping_confidence,0.65,0.5407319952774499,0.45926800472255014
CADEC,Meta-Llama-3-8B-Instruct,mapping_confidence,0.6,0.5847186700767263,0.4152813299232737
CADEC,Meta-Llama-3-8B-Instruct,mapping_confidence,0.55,0.6365538890826649,0.36344611091733514
CADEC,Meta-Llama-3-8B-Instruct,mapping_confidence,0.5,0.6945510360706063,0.3054489639293937
CADEC,Meta-Llama-3-8B-Instruct,mapping_confidence,0.45,0.731457800511509,0.268542199488491
CADEC,Meta-Llama-3-8B-Instruct,mapping_confidence,0.4,0.7299760191846523,0.27002398081534773
CADEC,Meta-Llama-3-8B-Instruct,mapping_confidence,0.35,0.7293150684931506,0.27068493150684936
CADEC,Meta-Llama-3-8B-Instruct,mapping_confidence,0.3,0.7327365728900256,0.2672634271099744
CADEC,Meta-Llama-3-8B-Instruct,mapping_confidence,0.25,0.7390636991557943,0.2609363008442057
CADEC,Meta-Llama-3-8B-Instruct,mapping_confidence,0.2,0.7497603068072867,0.25023969319271333
CADEC,Meta-Llama-3-8B-Instruct,mapping_confidence,0.15,0.7365728900255755,0.26342710997442453
CADEC,Meta-Llama-3-8B-Instruct,mapping_confidence,0.1,0.7547892720306514,0.24521072796934862
CADEC,Meta-Llama-3-8B-Instruct,random,1.0,0.3656945510360706,0.6343054489639294
CADEC,Meta-Llama-3-8B-Instruct,random,0.95,0.36532714054927307,0.6346728594507269
CADEC,Meta-Llama-3-8B-Instruct,random,0.9,0.3652952462161586,0.6347047537838414
CADEC,Meta-Llama-3-8B-Instruct,random,0.85,0.3653351387948544,0.6346648612051455
CADEC,Meta-Llama-3-8B-Instruct,random,0.8,0.3653237410071942,0.6346762589928058
CADEC,Meta-Llama-3-8B-Instruct,random,0.75,0.36560501407009466,0.6343949859299054
CADEC,Meta-Llama-3-8B-Instruct,random,0.7,0.3660317895313785,0.6339682104686215
CADEC,Meta-Llama-3-8B-Instruct,random,0.65,0.3662042502951594,0.6337957497048405
CADEC,Meta-Llama-3-8B-Instruct,random,0.6,0.3660645780051151,0.633935421994885
CADEC,Meta-Llama-3-8B-Instruct,random,0.55,0.3658353679804674,0.6341646320195327
CADEC,Meta-Llama-3-8B-Instruct,random,0.5,0.3654067536454336,0.6345932463545664
CADEC,Meta-Llama-3-8B-Instruct,random,0.45,0.36540920716112535,0.6345907928388747
CADEC,Meta-Llama-3-8B-Instruct,random,0.4,0.3655395683453237,0.6344604316546762
CADEC,Meta-Llama-3-8B-Instruct,random,0.35,0.3654794520547945,0.6345205479452055
CADEC,Meta-Llama-3-8B-Instruct,random,0.3,0.36422634271099746,0.6357736572890025
CADEC,Meta-Llama-3-8B-Instruct,random,0.25,0.3633921719109746,0.6366078280890254
CADEC,Meta-Llama-3-8B-Instruct,random,0.2,0.3641418983700863,0.6358581016299136
CADEC,Meta-Llama-3-8B-Instruct,random,0.15,0.3601023017902813,0.6398976982097186
CADEC,Meta-Llama-3-8B-Instruct,random,0.1,0.3604406130268199,0.6395593869731802
CADEC,Mistral-7B-Instruct-v0.1,combined,1.0,0.35700337298064977,0.6429966270193502
CADEC,Mistral-7B-Instruct-v0.1,combined,0.95,0.3718236173393124,0.6281763826606876
CADEC,Mistral-7B-Instruct-v0.1,combined,0.9,0.3861932938856016,0.6138067061143984
CADEC,Mistral-7B-Instruct-v0.1,combined,0.85,0.40091877218626015,0.5990812278137398
CADEC,Mistral-7B-Instruct-v0.1,combined,0.8,0.4102507211005103,0.5897492788994897
CADEC,Mistral-7B-Instruct-v0.1,combined,0.75,0.42792899408284024,0.5720710059171598
CADEC,Mistral-7B-Instruct-v0.1,combined,0.7,0.4368661257606491,0.5631338742393509
CADEC,Mistral-7B-Instruct-v0.1,combined,0.65,0.4456581103222283,0.5543418896777716
CADEC,Mistral-7B-Instruct-v0.1,combined,0.6,0.46420118343195266,0.5357988165680474
CADEC,Mistral-7B-Instruct-v0.1,combined,0.55,0.45563084866085835,0.5443691513391417
CADEC,Mistral-7B-Instruct-v0.1,combined,0.5,0.4597089101881434,0.5402910898118566
CADEC,Mistral-7B-Instruct-v0.1,combined,0.45,0.4765285996055227,0.5234714003944774
CADEC,Mistral-7B-Instruct-v0.1,combined,0.4,0.49778172138420584,0.5022182786157942
CADEC,Mistral-7B-Instruct-v0.1,combined,0.35,0.5390466531440162,0.46095334685598377
CADEC,Mistral-7B-Instruct-v0.1,combined,0.3,0.5893491124260355,0.4106508875739645
CADEC,Mistral-7B-Instruct-v0.1,combined,0.25,0.6330731014904187,0.36692689850958127
CADEC,Mistral-7B-Instruct-v0.1,combined,0.2,0.7338065661047027,0.26619343389529726
CADEC,Mistral-7B-Instruct-v0.1,combined,0.15,0.7644970414201183,0.23550295857988168
CADEC,Mistral-7B-Instruct-v0.1,combined,0.1,0.774822695035461,0.22517730496453903
CADEC,Mistral-7B-Instruct-v0.1,entropy,1.0,0.35700337298064977,0.6429966270193502
CADEC,Mistral-7B-Instruct-v0.1,entropy,0.95,0.3716367713004484,0.6283632286995515
CADEC,Mistral-7B-Instruct-v0.1,entropy,0.9,0.38461538461538464,0.6153846153846154
CADEC,Mistral-7B-Instruct-v0.1,entropy,0.85,0.39590728753393195,0.604092712466068
CADEC,Mistral-7B-Instruct-v0.1,entropy,0.8,0.40980696694031504,0.590193033059685
CADEC,Mistral-7B-Instruct-v0.1,entropy,0.75,0.4234319526627219,0.5765680473372781
CADEC,Mistral-7B-Instruct-v0.1,entropy,0.7,0.43331643002028397,0.566683569979716
CADEC,Mistral-7B-Instruct-v0.1,entropy,0.65,0.4451119606772256,0.5548880393227744
CADEC,Mistral-7B-Instruct-v0.1,entropy,0.6,0.4502958579881657,0.5497041420118343
CADEC,Mistral-7B-Instruct-v0.1,entropy,0.55,0.45466279444982255,0.5453372055501775
CADEC,Mistral-7B-Instruct-v0.1,entropy,0.5,0.4625488107916223,0.5374511892083778
CADEC,Mistral-7B-Instruct-v0.1,entropy,0.45,0.463905325443787,0.536094674556213
CADEC,Mistral-7B-Instruct-v0.1,entropy,0.4,0.46938775510204084,0.5306122448979591
CADEC,Mistral-7B-Instruct-v0.1,entropy,0.35,0.4832657200811359,0.5167342799188641
CADEC,Mistral-7B-Instruct-v0.1,entropy,0.3,0.48698224852071004,0.51301775147929
CADEC,Mistral-7B-Instruct-v0.1,entropy,0.25,0.49751596877217885,0.5024840312278211
CADEC,Mistral-7B-Instruct-v0.1,entropy,0.2,0.5004436557231589,0.49955634427684115
CADEC,Mistral-7B-Instruct-v0.1,entropy,0.15,0.514792899408284,0.485207100591716
CADEC,Mistral-7B-Instruct-v0.1,entropy,0.1,0.5177304964539007,0.4822695035460993
CADEC,Mistral-7B-Instruct-v0.1,mapping_confidence,1.0,0.35700337298064977,0.6429966270193502
CADEC,Mistral-7B-Instruct-v0.1,mapping_confidence,0.95,0.3609865470852018,0.6390134529147982
CADEC,Mistral-7B-Instruct-v0.1,mapping_confidence,0.9,0.36548323471400396,0.634516765285996
CADEC,Mistral-7B-Instruct-v0.1,mapping_confidence,0.85,0.3664648152015034,0.6335351847984966
CADEC,Mistral-7B-Instruct-v0.1,mapping_confidence,0.8,0.3734191258043044,0.6265808741956955
CADEC,Mistral-7B-Instruct-v0.1,mapping_confidence,0.75,0.3850887573964497,0.6149112426035503
CADEC,Mistral-7B-Instruct-v0.1,mapping_confidence,0.7,0.39426977687626774,0.6057302231237323
CADEC,Mistral-7B-Instruct-v0.1,mapping_confidence,0.65,0.4109776078645549,0.5890223921354452
CADEC,Mistral-7B-Instruct-v0.1,mapping_confidence,0.6,0.4275147928994083,0.5724852071005917
CADEC,Mistral-7B-Instruct-v0.1,mapping_confidence,0.55,0.4527266860277509,0.5472733139722491
CADEC,Mistral-7B-Instruct-v0.1,mapping_confidence,0.5,0.4827831025914093,0.5172168974085907
CADEC,Mistral-7B-Instruct-v0.1,mapping_confidence,0.45,0.517948717948718,0.482051282051282
CADEC,Mistral-7B-Instruct-v0.1,mapping_confidence,0.4,0.5394853593611357,0.46051464063886427
CADEC,Mistral-7B-Instruct-v0.1,mapping_confidence,0.35,0.5953346855983773,0.4046653144016227
CADEC,Mistral-7B-Instruct-v0.1,mapping_confidence,0.3,0.6751479289940828,0.3248520710059172
CADEC,Mistral-7B-Instruct-v0.1,mapping_confidence,0.25,0.751596877217885,0.24840312278211496
CADEC,Mistral-7B-Instruct-v0.1,mapping_confidence,0.2,0.7515527950310559,0.24844720496894412
CADEC,Mistral-7B-Instruct-v0.1,mapping_confidence,0.15,0.7585798816568048,0.2414201183431952
CADEC,Mistral-7B-Instruct-v0.1,mapping_confidence,0.1,0.7588652482269503,0.24113475177304966
CADEC,Mistral-7B-Instruct-v0.1,random,1.0,0.35700337298064977,0.6429966270193502
CADEC,Mistral-7B-Instruct-v0.1,random,0.95,0.3570534379671152,0.6429465620328848
CADEC,Mistral-7B-Instruct-v0.1,random,0.9,0.35730769230769227,0.6426923076923077
CADEC,Mistral-7B-Instruct-v0.1,random,0.85,0.3574754646063896,0.6425245353936104
CADEC,Mistral-7B-Instruct-v0.1,random,0.8,0.3565675615708897,0.6434324384291104
CADEC,Mistral-7B-Instruct-v0.1,random,0.75,0.3569112426035503,0.6430887573964497
CADEC,Mistral-7B-Instruct-v0.1,random,0.7,0.35726419878296145,0.6427358012170385
CADEC,Mistral-7B-Instruct-v0.1,random,0.65,0.35681321682140904,0.6431867831785909
CADEC,Mistral-7B-Instruct-v0.1,random,0.6,0.35588757396449705,0.6441124260355029
CADEC,Mistral-7B-Instruct-v0.1,random,0.55,0.3563084866085834,0.6436915133914166
CADEC,Mistral-7B-Instruct-v0.1,random,0.5,0.35637202697905573,0.6436279730209442
CADEC,Mistral-7B-Instruct-v0.1,random,0.45,0.3569230769230769,0.6430769230769231
CADEC,Mistral-7B-Instruct-v0.1,random,0.4,0.35694321206743573,0.6430567879325643
CADEC,Mistral-7B-Instruct-v0.1,random,0.35,0.3560851926977688,0.6439148073022312
CADEC,Mistral-7B-Instruct-v0.1,random,0.3,0.35621301775147934,0.6437869822485207
CADEC,Mistral-7B-Instruct-v0.1,random,0.25,0.35677785663591194,0.6432221433640881
CADEC,Mistral-7B-Instruct-v0.1,random,0.2,0.35896184560780836,0.6410381543921917
CADEC,Mistral-7B-Instruct-v0.1,random,0.15,0.3586390532544379,0.6413609467455621
CADEC,Mistral-7B-Instruct-v0.1,random,0.1,0.361968085106383,0.638031914893617
CADEC,PubMedBERT,combined,1.0,0.40818486505556534,0.5918151349444347
CADEC,PubMedBERT,combined,0.95,0.4296323802450798,0.5703676197549201
CADEC,PubMedBERT,combined,0.9,0.4532627865961199,0.5467372134038802
CADEC,PubMedBERT,combined,0.85,0.4797675866362316,0.5202324133637684
CADEC,PubMedBERT,combined,0.8,0.5092592592592593,0.4907407407407407
CADEC,PubMedBERT,combined,0.75,0.5397460018814676,0.4602539981185324
CADEC,PubMedBERT,combined,0.7,0.5742000503905266,0.4257999496094734
CADEC,PubMedBERT,combined,0.65,0.6146540027137042,0.3853459972862958
CADEC,PubMedBERT,combined,0.6,0.6590241034685479,0.3409758965314521
CADEC,PubMedBERT,combined,0.55,0.7004490057729313,0.29955099422706866
CADEC,PubMedBERT,combined,0.5,0.7167548500881834,0.2832451499118166
CADEC,PubMedBERT,combined,0.45,0.737460815047022,0.262539184952978
CADEC,PubMedBERT,combined,0.4,0.7495590828924162,0.25044091710758376
CADEC,PubMedBERT,combined,0.35,0.7516372795969773,0.24836272040302265
CADEC,PubMedBERT,combined,0.3,0.7577895355673133,0.24221046443268668
CADEC,PubMedBERT,combined,0.25,0.7538787023977433,0.24612129760225665
CADEC,PubMedBERT,combined,0.2,0.763668430335097,0.23633156966490299
CADEC,PubMedBERT,combined,0.15,0.7732079905992949,0.2267920094007051
CADEC,PubMedBERT,combined,0.1,0.7795414462081128,0.22045855379188717
CADEC,PubMedBERT,entropy,1.0,0.40818486505556534,0.5918151349444347
CADEC,PubMedBERT,entropy,0.95,0.4296323802450798,0.5703676197549201
CADEC,PubMedBERT,entropy,0.9,0.4534587497550461,0.5465412502449539
CADEC,PubMedBERT,entropy,0.85,0.4797675866362316,0.5202324133637684
CADEC,PubMedBERT,entropy,0.8,0.5088183421516755,0.49118165784832446
CADEC,PubMedBERT,entropy,0.75,0.5397460018814676,0.4602539981185324
CADEC,PubMedBERT,entropy,0.7,0.5739480977576216,0.42605190224237843
CADEC,PubMedBERT,entropy,0.65,0.6138398914518317,0.3861601085481683
CADEC,PubMedBERT,entropy,0.6,0.6434450323339213,0.35655496766607875
CADEC,PubMedBERT,entropy,0.55,0.6484926234765875,0.35150737652341246
CADEC,PubMedBERT,entropy,0.5,0.6518518518518519,0.3481481481481481
CADEC,PubMedBERT,entropy,0.45,0.6504702194357367,0.3495297805642633
CADEC,PubMedBERT,entropy,0.4,0.6574074074074074,0.34259259259259256
CADEC,PubMedBERT,entropy,0.35,0.6594458438287154,0.3405541561712846
CADEC,PubMedBERT,entropy,0.3,0.6654908877131099,0.33450911228689006
CADEC,PubMedBERT,entropy,0.25,0.6650211565585331,0.3349788434414669
CADEC,PubMedBERT,entropy,0.2,0.6578483245149912,0.3421516754850088
CADEC,PubMedBERT,entropy,0.15,0.6686251468860165,0.3313748531139835
CADEC,PubMedBERT,entropy,0.1,0.6790123456790124,0.32098765432098764
CADEC,PubMedBERT,mapping_confidence,1.0,0.40818486505556534,0.5918151349444347
CADEC,PubMedBERT,mapping_confidence,0.95,0.4296323802450798,0.5703676197549201
CADEC,PubMedBERT,mapping_confidence,0.9,0.44875563394081913,0.5512443660591808
CADEC,PubMedBERT,mapping_confidence,0.85,0.4706370616310438,0.5293629383689562
CADEC,PubMedBERT,mapping_confidence,0.8,0.49757495590828926,0.5024250440917107
CADEC,PubMedBERT,mapping_confidence,0.75,0.5268109125117592,0.47318908748824084
CADEC,PubMedBERT,mapping_confidence,0.7,0.5515243134290754,0.4484756865709246
CADEC,PubMedBERT,mapping_confidence,0.65,0.5674355495251018,0.4325644504748982
CADEC,PubMedBERT,mapping_confidence,0.6,0.5949441504997061,0.40505584950029394
CADEC,PubMedBERT,mapping_confidence,0.55,0.6250801796023092,0.3749198203976908
CADEC,PubMedBERT,mapping_confidence,0.5,0.6462081128747795,0.35379188712522047
CADEC,PubMedBERT,mapping_confidence,0.45,0.6806426332288401,0.3193573667711599
CADEC,PubMedBERT,mapping_confidence,0.4,0.6865079365079365,0.3134920634920635
CADEC,PubMedBERT,mapping_confidence,0.35,0.7073047858942065,0.29269521410579347
CADEC,PubMedBERT,mapping_confidence,0.3,0.7166372721928278,0.2833627278071722
CADEC,PubMedBERT,mapping_confidence,0.25,0.7270803949224259,0.27291960507757407
CADEC,PubMedBERT,mapping_confidence,0.2,0.7372134038800705,0.2627865961199295
CADEC,PubMedBERT,mapping_confidence,0.15,0.7473560517038778,0.25264394829612224
CADEC,PubMedBERT,mapping_confidence,0.1,0.7760141093474426,0.22398589065255736
CADEC,PubMedBERT,random,1.0,0.4081848650555654,0.5918151349444346
CADEC,PubMedBERT,random,0.95,0.40835499443000367,0.5916450055699963
CADEC,PubMedBERT,random,0.9,0.40863217715069566,0.5913678228493043
CADEC,PubMedBERT,random,0.85,0.4083419796638307,0.5916580203361693
CADEC,PubMedBERT,random,0.8,0.40832231040564376,0.5916776895943563
CADEC,PubMedBERT,random,0.75,0.4082314205079962,0.5917685794920038
CADEC,PubMedBERT,random,0.7,0.4083774250440917,0.5916225749559083
CADEC,PubMedBERT,random,0.65,0.40765264586160105,0.592347354138399
CADEC,PubMedBERT,random,0.6,0.40667254556143445,0.5933274544385656
CADEC,PubMedBERT,random,0.55,0.4060615779345735,0.5939384220654265
CADEC,PubMedBERT,random,0.5,0.4050440917107583,0.5949559082892417
CADEC,PubMedBERT,random,0.45,0.4068769592476489,0.5931230407523511
CADEC,PubMedBERT,random,0.4,0.4064373897707231,0.5935626102292769
CADEC,PubMedBERT,random,0.35,0.4057934508816121,0.5942065491183879
CADEC,PubMedBERT,random,0.3,0.4063198118753674,0.5936801881246325
CADEC,PubMedBERT,random,0.25,0.4076163610719322,0.5923836389280678
CADEC,PubMedBERT,random,0.2,0.40842151675485006,0.5915784832451499
CADEC,PubMedBERT,random,0.15,0.4065804935370152,0.5934195064629848
CADEC,PubMedBERT,random,0.1,0.4089947089947089,0.5910052910052911
