scope,pair,rho,ci_low,ci_high,n,p
ALL MODELS,entropy_vs_confidence,-0.21320093588504266,-0.22281642987061193,-0.20354396224043714,37695,0.0
ALL MODELS,entropy_vs_margin,0.0807049686423942,0.07066748662362023,0.09072610847662892,37695,1.6593939525818652e-55
ALL MODELS,confidence_vs_margin,-0.1636518438616185,-0.173460330776965,-0.15381089461226477,37695,1.5935204742056032e-224
BERT-base,entropy_vs_confidence,-0.4963457534898324,-0.517564427942255,-0.47451698419823035,4712,1.2349046913751872e-291
BERT-base,entropy_vs_margin,0.3125244644195367,0.28652746165153425,0.33806158710200895,4712,2.840782055912998e-107
BERT-base,confidence_vs_margin,-0.19261737243391605,-0.21996150424538677,-0.16497079279711693,4712,1.289743560371477e-40
BioBERT,entropy_vs_confidence,-0.5251022875400879,-0.5454774633925615,-0.5041068114484663,4712,0.0
BioBERT,entropy_vs_margin,0.3487534326458648,0.32342022481560073,0.37358706522685337,4712,7.654890541637833e-135
BioBERT,confidence_vs_margin,-0.3025074137112273,-0.32822618674255877,-0.2763404636754902,4712,2.67232138615736e-100
BioMistral-7B,entropy_vs_confidence,-0.05765802279785551,-0.08607324642057583,-0.029149071410953825,4711,7.504338670644624e-05
BioMistral-7B,entropy_vs_margin,-0.0863893993029395,-0.11466346893804188,-0.057975479408656314,4711,2.8673568744405407e-09
BioMistral-7B,confidence_vs_margin,0.0565164504025216,0.02800470182038363,0.0849363149338024,4711,0.0001039522178018378
FLAN-T5-base,entropy_vs_confidence,-0.18345558566152234,-0.2109047033997145,-0.1557173759886727,4712,6.0897726639864224e-37
FLAN-T5-base,entropy_vs_margin,0.004502930289016406,-0.024054078229469096,0.03305259624304807,4712,0.75730726638171
FLAN-T5-base,confidence_vs_margin,0.10228731787402037,0.07394938636800137,0.13046019805707945,4712,1.949981294697443e-12
Llama3-OpenBioLLM-8B,entropy_vs_confidence,-0.09964168534242653,-0.12783189883476254,-0.07129060280004318,4712,7.128510664597754e-12
Llama3-OpenBioLLM-8B,entropy_vs_margin,0.030594394225763957,0.002042262591141354,0.05909668370264524,4712,0.03572389279811485
Llama3-OpenBioLLM-8B,confidence_vs_margin,0.010342373030386388,-0.018216922438880047,0.038884805488708526,4712,0.4778451790366939
Meta-Llama-3-8B-Instruct,entropy_vs_confidence,-0.09774899744855493,-0.12595136822364497,-0.06938875381941095,4712,1.7654720222875437e-11
Meta-Llama-3-8B-Instruct,entropy_vs_margin,0.05522449043120213,0.026712697293368382,0.08364650604395603,4712,0.00014900673431525663
Meta-Llama-3-8B-Instruct,confidence_vs_margin,0.040846135092068046,0.01230657272397359,0.06931920265498705,4712,0.005043083634488272
Mistral-7B-Instruct-v0.1,entropy_vs_confidence,-0.06322219678808226,-0.09161073304543059,-0.03473097885048636,4712,1.405382259523852e-05
Mistral-7B-Instruct-v0.1,entropy_vs_margin,-0.0433495965485467,-0.07181462009388645,-0.014814017616022494,4712,0.002917496279590876
Mistral-7B-Instruct-v0.1,confidence_vs_margin,0.045152035182540975,0.016619546487862208,0.07361104659360981,4712,0.0019340603454322412
PubMedBERT,entropy_vs_confidence,-0.5801102799704757,-0.5987463103167743,-0.5608464605934956,4712,0.0
PubMedBERT,entropy_vs_margin,0.34085308259158204,0.31536855126496777,0.36584632934228156,4712,1.6519444575246938e-128
PubMedBERT,confidence_vs_margin,-0.36015136843893664,-0.384748632417039,-0.3350429444960279,4712,2.6192389401065874e-144
ZERO_BLOCK,dist_margin,,0.0299142599105834,0.0793400406837463,16083,
ZERO_BLOCK,dist_mapping_confidence,,0.9999994039535522,0.9999996423721312,16083,
ZERO_BLOCK/ALL MODELS,margin_ranks_correctness,0.5046156599532042,,,16083,0.31444032952470513
ZERO_BLOCK/ALL MODELS,confidence_ranks_correctness,0.49793943766119675,,,16083,0.6508185539368446
ZERO_BLOCK/BERT-base,margin_ranks_correctness,0.30142245351547675,,,2362,1.5115142728063558e-62
ZERO_BLOCK/BERT-base,confidence_ranks_correctness,0.5763947163947164,,,2362,8.074522757387266e-11
ZERO_BLOCK/BioBERT,margin_ranks_correctness,0.4515386269426957,,,2803,4.0901144770832685e-05
ZERO_BLOCK/BioBERT,confidence_ranks_correctness,0.6368553714565589,,,2803,2.4765126468253737e-31
ZERO_BLOCK/BioMistral-7B,margin_ranks_correctness,0.47313193711498797,,,1707,0.08617242414036103
ZERO_BLOCK/BioMistral-7B,confidence_ranks_correctness,0.5008717741768589,,,1707,0.95505831223151
ZERO_BLOCK/FLAN-T5-base,margin_ranks_correctness,0.5717245028810045,,,1990,9.854301378100007e-07
ZERO_BLOCK/FLAN-T5-base,confidence_ranks_correctness,0.47904182204705226,,,1990,0.149771972263452
ZERO_BLOCK/Llama3-OpenBioLLM-8B,margin_ranks_correctness,0.479605463980464,,,828,0.4269887077293081
ZERO_BLOCK/Llama3-OpenBioLLM-8B,confidence_ranks_correctness,0.5066296550671551,,,828,0.792993369111674
ZERO_BLOCK/Meta-Llama-3-8B-Instruct,margin_ranks_correctness,0.5516362133527032,,,1614,0.004905601031931266
ZERO_BLOCK/Meta-Llama-3-8B-Instruct,confidence_ranks_correctness,0.5186577164397801,,,1614,0.3042610487887698
ZERO_BLOCK/Mistral-7B-Instruct-v0.1,margin_ranks_correctness,0.48186961616339896,,,1950,0.26565727318645715
ZERO_BLOCK/Mistral-7B-Instruct-v0.1,confidence_ranks_correctness,0.48242771297971404,,,1950,0.27288606016884887
ZERO_BLOCK/PubMedBERT,margin_ranks_correctness,0.4475755868875159,,,2829,8.31490223231712e-06
ZERO_BLOCK/PubMedBERT,confidence_ranks_correctness,0.6306269912516942,,,2829,6.635084300689053e-29
