dataset,model,signal,coverage,selective_accuracy,risk,n,small_n,n_keep,n_total
MedMentions,BioMistral-7B,combined,1.0,0.2179226069246435,0.7820773930753564,491,False,,
MedMentions,BioMistral-7B,combined,0.95,0.2226980728051391,0.7773019271948608,491,False,,
MedMentions,BioMistral-7B,combined,0.9,0.2262443438914027,0.7737556561085973,491,False,,
MedMentions,BioMistral-7B,combined,0.85,0.2224880382775119,0.777511961722488,491,False,,
MedMentions,BioMistral-7B,combined,0.8,0.2213740458015267,0.7786259541984732,491,False,,
MedMentions,BioMistral-7B,combined,0.75,0.2249322493224932,0.7750677506775068,491,False,,
MedMentions,BioMistral-7B,combined,0.7,0.2238372093023256,0.7761627906976745,491,False,,
MedMentions,BioMistral-7B,combined,0.65,0.221875,0.778125,491,False,,
MedMentions,BioMistral-7B,combined,0.6,0.2406779661016949,0.7593220338983051,491,False,,
MedMentions,BioMistral-7B,combined,0.55,0.2324723247232472,0.7675276752767528,491,False,,
MedMentions,BioMistral-7B,combined,0.5,0.2357723577235772,0.7642276422764227,491,False,,
MedMentions,BioMistral-7B,combined,0.45,0.253393665158371,0.746606334841629,491,False,,
MedMentions,BioMistral-7B,combined,0.4,0.2690355329949238,0.7309644670050761,491,False,,
MedMentions,BioMistral-7B,combined,0.35,0.2965116279069767,0.7034883720930232,491,False,,
MedMentions,BioMistral-7B,combined,0.3,0.3175675675675675,0.6824324324324325,491,False,,
MedMentions,BioMistral-7B,combined,0.25,0.3414634146341463,0.6585365853658536,491,False,,
MedMentions,BioMistral-7B,combined,0.2,0.3838383838383838,0.6161616161616161,491,False,,
MedMentions,BioMistral-7B,combined,0.15,0.3243243243243243,0.6756756756756757,491,False,,
MedMentions,BioMistral-7B,combined,0.1,0.24,0.76,491,False,,
MedMentions,BioMistral-7B,combined_3,1.0,0.2179226069246435,0.7820773930753564,491,False,,
MedMentions,BioMistral-7B,combined_3,0.95,0.2226980728051391,0.7773019271948608,491,False,,
MedMentions,BioMistral-7B,combined_3,0.9,0.2307692307692307,0.7692307692307692,491,False,,
MedMentions,BioMistral-7B,combined_3,0.85,0.2368421052631578,0.7631578947368421,491,False,,
MedMentions,BioMistral-7B,combined_3,0.8,0.2493638676844783,0.7506361323155216,491,False,,
MedMentions,BioMistral-7B,combined_3,0.75,0.2628726287262872,0.7371273712737128,491,False,,
MedMentions,BioMistral-7B,combined_3,0.7,0.2790697674418604,0.7209302325581395,491,False,,
MedMentions,BioMistral-7B,combined_3,0.65,0.28125,0.71875,491,False,,
MedMentions,BioMistral-7B,combined_3,0.6,0.288135593220339,0.711864406779661,491,False,,
MedMentions,BioMistral-7B,combined_3,0.55,0.3099630996309963,0.6900369003690037,491,False,,
MedMentions,BioMistral-7B,combined_3,0.5,0.3170731707317073,0.6829268292682926,491,False,,
MedMentions,BioMistral-7B,combined_3,0.45,0.334841628959276,0.6651583710407241,491,False,,
MedMentions,BioMistral-7B,combined_3,0.4,0.350253807106599,0.649746192893401,491,False,,
MedMentions,BioMistral-7B,combined_3,0.35,0.3662790697674418,0.6337209302325582,491,False,,
MedMentions,BioMistral-7B,combined_3,0.3,0.4054054054054054,0.5945945945945945,491,False,,
MedMentions,BioMistral-7B,combined_3,0.25,0.4390243902439024,0.5609756097560976,491,False,,
MedMentions,BioMistral-7B,combined_3,0.2,0.4242424242424242,0.5757575757575757,491,False,,
MedMentions,BioMistral-7B,combined_3,0.15,0.4594594594594595,0.5405405405405406,491,False,,
MedMentions,BioMistral-7B,combined_3,0.1,0.46,0.54,491,False,,
MedMentions,BioMistral-7B,confidence,1.0,0.2179226069246435,0.7820773930753564,491,False,,
MedMentions,BioMistral-7B,confidence,0.95,0.2269807280513918,0.7730192719486082,491,False,,
MedMentions,BioMistral-7B,confidence,0.9,0.2330316742081448,0.7669683257918551,491,False,,
MedMentions,BioMistral-7B,confidence,0.85,0.2368421052631578,0.7631578947368421,491,False,,
MedMentions,BioMistral-7B,confidence,0.8,0.2417302798982188,0.7582697201017812,491,False,,
MedMentions,BioMistral-7B,confidence,0.75,0.2547425474254742,0.7452574525745257,491,False,,
MedMentions,BioMistral-7B,confidence,0.7,0.2645348837209302,0.7354651162790697,491,False,,
MedMentions,BioMistral-7B,confidence,0.65,0.275,0.725,491,False,,
MedMentions,BioMistral-7B,confidence,0.6,0.288135593220339,0.711864406779661,491,False,,
MedMentions,BioMistral-7B,confidence,0.55,0.3025830258302583,0.6974169741697417,491,False,,
MedMentions,BioMistral-7B,confidence,0.5,0.3130081300813008,0.6869918699186992,491,False,,
MedMentions,BioMistral-7B,confidence,0.45,0.334841628959276,0.6651583710407241,491,False,,
MedMentions,BioMistral-7B,confidence,0.4,0.3553299492385787,0.6446700507614214,491,False,,
MedMentions,BioMistral-7B,confidence,0.35,0.3197674418604651,0.6802325581395349,491,False,,
MedMentions,BioMistral-7B,confidence,0.3,0.3243243243243243,0.6756756756756757,491,False,,
MedMentions,BioMistral-7B,confidence,0.25,0.3333333333333333,0.6666666666666667,491,False,,
MedMentions,BioMistral-7B,confidence,0.2,0.2828282828282828,0.7171717171717171,491,False,,
MedMentions,BioMistral-7B,confidence,0.15,0.2297297297297297,0.7702702702702703,491,False,,
MedMentions,BioMistral-7B,confidence,0.1,0.16,0.84,491,False,,
MedMentions,BioMistral-7B,entropy,1.0,0.2179226069246435,0.7820773930753564,491,False,,
MedMentions,BioMistral-7B,entropy,0.95,0.2226980728051391,0.7773019271948608,491,False,,
MedMentions,BioMistral-7B,entropy,0.9,0.2262443438914027,0.7737556561085973,491,False,,
MedMentions,BioMistral-7B,entropy,0.85,0.2224880382775119,0.777511961722488,491,False,,
MedMentions,BioMistral-7B,entropy,0.8,0.2239185750636132,0.7760814249363868,491,False,,
MedMentions,BioMistral-7B,entropy,0.75,0.2249322493224932,0.7750677506775068,491,False,,
MedMentions,BioMistral-7B,entropy,0.7,0.2267441860465116,0.7732558139534884,491,False,,
MedMentions,BioMistral-7B,entropy,0.65,0.225,0.775,491,False,,
MedMentions,BioMistral-7B,entropy,0.6,0.2305084745762712,0.7694915254237288,491,False,,
MedMentions,BioMistral-7B,entropy,0.55,0.2324723247232472,0.7675276752767528,491,False,,
MedMentions,BioMistral-7B,entropy,0.5,0.2357723577235772,0.7642276422764227,491,False,,
MedMentions,BioMistral-7B,entropy,0.45,0.2398190045248869,0.7601809954751131,491,False,,
MedMentions,BioMistral-7B,entropy,0.4,0.2284263959390862,0.7715736040609137,491,False,,
MedMentions,BioMistral-7B,entropy,0.35,0.2325581395348837,0.7674418604651163,491,False,,
MedMentions,BioMistral-7B,entropy,0.3,0.2229729729729729,0.777027027027027,491,False,,
MedMentions,BioMistral-7B,entropy,0.25,0.1951219512195122,0.8048780487804879,491,False,,
MedMentions,BioMistral-7B,entropy,0.2,0.1616161616161616,0.8383838383838383,491,False,,
MedMentions,BioMistral-7B,entropy,0.15,0.1756756756756756,0.8243243243243243,491,False,,
MedMentions,BioMistral-7B,entropy,0.1,0.18,0.8200000000000001,491,False,,
MedMentions,BioMistral-7B,margin,1.0,0.2179226069246435,0.7820773930753564,491,False,,
MedMentions,BioMistral-7B,margin,0.95,0.2226980728051391,0.7773019271948608,491,False,,
MedMentions,BioMistral-7B,margin,0.9,0.2262443438914027,0.7737556561085973,491,False,,
MedMentions,BioMistral-7B,margin,0.85,0.2368421052631578,0.7631578947368421,491,False,,
MedMentions,BioMistral-7B,margin,0.8,0.2519083969465648,0.7480916030534351,491,False,,
MedMentions,BioMistral-7B,margin,0.75,0.2655826558265582,0.7344173441734417,491,False,,
MedMentions,BioMistral-7B,margin,0.7,0.2761627906976744,0.7238372093023255,491,False,,
MedMentions,BioMistral-7B,margin,0.65,0.2875,0.7125,491,False,,
MedMentions,BioMistral-7B,margin,0.6,0.2949152542372881,0.7050847457627119,491,False,,
MedMentions,BioMistral-7B,margin,0.55,0.2988929889298893,0.7011070110701108,491,False,,
MedMentions,BioMistral-7B,margin,0.5,0.3048780487804878,0.6951219512195121,491,False,,
MedMentions,BioMistral-7B,margin,0.45,0.3122171945701357,0.6877828054298643,491,False,,
MedMentions,BioMistral-7B,margin,0.4,0.3299492385786802,0.6700507614213198,491,False,,
MedMentions,BioMistral-7B,margin,0.35,0.3313953488372093,0.6686046511627908,491,False,,
MedMentions,BioMistral-7B,margin,0.3,0.3378378378378378,0.6621621621621622,491,False,,
MedMentions,BioMistral-7B,margin,0.25,0.3414634146341463,0.6585365853658536,491,False,,
MedMentions,BioMistral-7B,margin,0.2,0.3636363636363636,0.6363636363636364,491,False,,
MedMentions,BioMistral-7B,margin,0.15,0.3783783783783784,0.6216216216216216,491,False,,
MedMentions,BioMistral-7B,margin,0.1,0.42,0.5800000000000001,491,False,,
MedMentions,BioMistral-7B,random,1.0,0.2179226069246435,0.7820773930753564,491,False,,
MedMentions,BioMistral-7B,random,0.95,0.2173447537473233,0.7826552462526766,491,False,,
MedMentions,BioMistral-7B,random,0.9,0.2157239819004525,0.7842760180995475,491,False,,
MedMentions,BioMistral-7B,random,0.85,0.2147129186602871,0.7852870813397129,491,False,,
MedMentions,BioMistral-7B,random,0.8,0.2153944020356234,0.7846055979643766,491,False,,
MedMentions,BioMistral-7B,random,0.75,0.2157181571815718,0.7842818428184282,491,False,,
MedMentions,BioMistral-7B,random,0.7,0.2170058139534883,0.7829941860465116,491,False,,
MedMentions,BioMistral-7B,random,0.65,0.2190625,0.7809375,491,False,,
MedMentions,BioMistral-7B,random,0.6,0.2166101694915254,0.7833898305084745,491,False,,
MedMentions,BioMistral-7B,random,0.55,0.2178966789667897,0.7821033210332103,491,False,,
MedMentions,BioMistral-7B,random,0.5,0.2172764227642276,0.7827235772357723,491,False,,
MedMentions,BioMistral-7B,random,0.45,0.2199095022624434,0.7800904977375566,491,False,,
MedMentions,BioMistral-7B,random,0.4,0.2195431472081218,0.7804568527918782,491,False,,
MedMentions,BioMistral-7B,random,0.35,0.2218023255813953,0.7781976744186047,491,False,,
MedMentions,BioMistral-7B,random,0.3,0.2209459459459459,0.779054054054054,491,False,,
MedMentions,BioMistral-7B,random,0.25,0.2207317073170731,0.7792682926829269,491,False,,
MedMentions,BioMistral-7B,random,0.2,0.2222222222222221,0.7777777777777778,491,False,,
MedMentions,BioMistral-7B,random,0.15,0.2182432432432432,0.7817567567567567,491,False,,
MedMentions,BioMistral-7B,random,0.1,0.229,0.771,491,False,,
MedMentions,FLAN-T5-base,combined,1.0,0.2097759674134419,0.790224032586558,491,False,,
MedMentions,FLAN-T5-base,combined,0.95,0.2184154175588865,0.7815845824411135,491,False,,
MedMentions,FLAN-T5-base,combined,0.9,0.2194570135746606,0.7805429864253394,491,False,,
MedMentions,FLAN-T5-base,combined,0.85,0.2224880382775119,0.777511961722488,491,False,,
MedMentions,FLAN-T5-base,combined,0.8,0.2264631043256997,0.7735368956743003,491,False,,
MedMentions,FLAN-T5-base,combined,0.75,0.2303523035230352,0.7696476964769647,491,False,,
MedMentions,FLAN-T5-base,combined,0.7,0.2383720930232558,0.7616279069767442,491,False,,
MedMentions,FLAN-T5-base,combined,0.65,0.24375,0.75625,491,False,,
MedMentions,FLAN-T5-base,combined,0.6,0.2406779661016949,0.7593220338983051,491,False,,
MedMentions,FLAN-T5-base,combined,0.55,0.2472324723247232,0.7527675276752768,491,False,,
MedMentions,FLAN-T5-base,combined,0.5,0.2642276422764227,0.7357723577235773,491,False,,
MedMentions,FLAN-T5-base,combined,0.45,0.2895927601809955,0.7104072398190044,491,False,,
MedMentions,FLAN-T5-base,combined,0.4,0.3096446700507614,0.6903553299492386,491,False,,
MedMentions,FLAN-T5-base,combined,0.35,0.3430232558139535,0.6569767441860466,491,False,,
MedMentions,FLAN-T5-base,combined,0.3,0.3716216216216216,0.6283783783783784,491,False,,
MedMentions,FLAN-T5-base,combined,0.25,0.4065040650406504,0.5934959349593496,491,False,,
MedMentions,FLAN-T5-base,combined,0.2,0.404040404040404,0.595959595959596,491,False,,
MedMentions,FLAN-T5-base,combined,0.15,0.3648648648648648,0.6351351351351351,491,False,,
MedMentions,FLAN-T5-base,combined,0.1,0.34,0.6599999999999999,491,False,,
MedMentions,FLAN-T5-base,combined_3,1.0,0.2097759674134419,0.790224032586558,491,False,,
MedMentions,FLAN-T5-base,combined_3,0.95,0.2162740899357601,0.7837259100642399,491,False,,
MedMentions,FLAN-T5-base,combined_3,0.9,0.2262443438914027,0.7737556561085973,491,False,,
MedMentions,FLAN-T5-base,combined_3,0.85,0.2344497607655502,0.7655502392344498,491,False,,
MedMentions,FLAN-T5-base,combined_3,0.8,0.2442748091603053,0.7557251908396947,491,False,,
MedMentions,FLAN-T5-base,combined_3,0.75,0.2520325203252032,0.7479674796747968,491,False,,
MedMentions,FLAN-T5-base,combined_3,0.7,0.2558139534883721,0.7441860465116279,491,False,,
MedMentions,FLAN-T5-base,combined_3,0.65,0.265625,0.734375,491,False,,
MedMentions,FLAN-T5-base,combined_3,0.6,0.2813559322033898,0.7186440677966102,491,False,,
MedMentions,FLAN-T5-base,combined_3,0.55,0.3062730627306273,0.6937269372693726,491,False,,
MedMentions,FLAN-T5-base,combined_3,0.5,0.3130081300813008,0.6869918699186992,491,False,,
MedMentions,FLAN-T5-base,combined_3,0.45,0.3303167420814479,0.6696832579185521,491,False,,
MedMentions,FLAN-T5-base,combined_3,0.4,0.350253807106599,0.649746192893401,491,False,,
MedMentions,FLAN-T5-base,combined_3,0.35,0.3837209302325581,0.6162790697674418,491,False,,
MedMentions,FLAN-T5-base,combined_3,0.3,0.4121621621621621,0.5878378378378378,491,False,,
MedMentions,FLAN-T5-base,combined_3,0.25,0.4146341463414634,0.5853658536585367,491,False,,
MedMentions,FLAN-T5-base,combined_3,0.2,0.4343434343434343,0.5656565656565656,491,False,,
MedMentions,FLAN-T5-base,combined_3,0.15,0.4729729729729729,0.527027027027027,491,False,,
MedMentions,FLAN-T5-base,combined_3,0.1,0.54,0.4599999999999999,491,False,,
MedMentions,FLAN-T5-base,confidence,1.0,0.2097759674134419,0.790224032586558,491,False,,
MedMentions,FLAN-T5-base,confidence,0.95,0.2205567451820128,0.7794432548179872,491,False,,
MedMentions,FLAN-T5-base,confidence,0.9,0.2285067873303167,0.7714932126696833,491,False,,
MedMentions,FLAN-T5-base,confidence,0.85,0.2296650717703349,0.7703349282296651,491,False,,
MedMentions,FLAN-T5-base,confidence,0.8,0.2340966921119593,0.7659033078880407,491,False,,
MedMentions,FLAN-T5-base,confidence,0.75,0.2493224932249322,0.7506775067750677,491,False,,
MedMentions,FLAN-T5-base,confidence,0.7,0.2587209302325581,0.7412790697674418,491,False,,
MedMentions,FLAN-T5-base,confidence,0.65,0.265625,0.734375,491,False,,
MedMentions,FLAN-T5-base,confidence,0.6,0.2813559322033898,0.7186440677966102,491,False,,
MedMentions,FLAN-T5-base,confidence,0.55,0.2878228782287823,0.7121771217712177,491,False,,
MedMentions,FLAN-T5-base,confidence,0.5,0.2967479674796748,0.7032520325203252,491,False,,
MedMentions,FLAN-T5-base,confidence,0.45,0.2895927601809955,0.7104072398190044,491,False,,
MedMentions,FLAN-T5-base,confidence,0.4,0.2893401015228426,0.7106598984771574,491,False,,
MedMentions,FLAN-T5-base,confidence,0.35,0.2906976744186046,0.7093023255813953,491,False,,
MedMentions,FLAN-T5-base,confidence,0.3,0.2972972972972973,0.7027027027027026,491,False,,
MedMentions,FLAN-T5-base,confidence,0.25,0.2682926829268293,0.7317073170731707,491,False,,
MedMentions,FLAN-T5-base,confidence,0.2,0.2525252525252525,0.7474747474747474,491,False,,
MedMentions,FLAN-T5-base,confidence,0.15,0.2027027027027027,0.7972972972972973,491,False,,
MedMentions,FLAN-T5-base,confidence,0.1,0.2,0.8,491,False,,
MedMentions,FLAN-T5-base,entropy,1.0,0.2097759674134419,0.790224032586558,491,False,,
MedMentions,FLAN-T5-base,entropy,0.95,0.2184154175588865,0.7815845824411135,491,False,,
MedMentions,FLAN-T5-base,entropy,0.9,0.2194570135746606,0.7805429864253394,491,False,,
MedMentions,FLAN-T5-base,entropy,0.85,0.2224880382775119,0.777511961722488,491,False,,
MedMentions,FLAN-T5-base,entropy,0.8,0.2188295165394402,0.7811704834605597,491,False,,
MedMentions,FLAN-T5-base,entropy,0.75,0.2303523035230352,0.7696476964769647,491,False,,
MedMentions,FLAN-T5-base,entropy,0.7,0.2383720930232558,0.7616279069767442,491,False,,
MedMentions,FLAN-T5-base,entropy,0.65,0.24375,0.75625,491,False,,
MedMentions,FLAN-T5-base,entropy,0.6,0.2440677966101695,0.7559322033898305,491,False,,
MedMentions,FLAN-T5-base,entropy,0.55,0.2472324723247232,0.7527675276752768,491,False,,
MedMentions,FLAN-T5-base,entropy,0.5,0.2601626016260163,0.7398373983739837,491,False,,
MedMentions,FLAN-T5-base,entropy,0.45,0.2850678733031674,0.7149321266968326,491,False,,
MedMentions,FLAN-T5-base,entropy,0.4,0.299492385786802,0.700507614213198,491,False,,
MedMentions,FLAN-T5-base,entropy,0.35,0.2906976744186046,0.7093023255813953,491,False,,
MedMentions,FLAN-T5-base,entropy,0.3,0.2905405405405405,0.7094594594594594,491,False,,
MedMentions,FLAN-T5-base,entropy,0.25,0.2682926829268293,0.7317073170731707,491,False,,
MedMentions,FLAN-T5-base,entropy,0.2,0.2727272727272727,0.7272727272727273,491,False,,
MedMentions,FLAN-T5-base,entropy,0.15,0.2702702702702703,0.7297297297297297,491,False,,
MedMentions,FLAN-T5-base,entropy,0.1,0.22,0.78,491,False,,
MedMentions,FLAN-T5-base,margin,1.0,0.2097759674134419,0.790224032586558,491,False,,
MedMentions,FLAN-T5-base,margin,0.95,0.2162740899357601,0.7837259100642399,491,False,,
MedMentions,FLAN-T5-base,margin,0.9,0.2262443438914027,0.7737556561085973,491,False,,
MedMentions,FLAN-T5-base,margin,0.85,0.2248803827751196,0.7751196172248804,491,False,,
MedMentions,FLAN-T5-base,margin,0.8,0.2366412213740458,0.7633587786259541,491,False,,
MedMentions,FLAN-T5-base,margin,0.75,0.2520325203252032,0.7479674796747968,491,False,,
MedMentions,FLAN-T5-base,margin,0.7,0.2674418604651162,0.7325581395348837,491,False,,
MedMentions,FLAN-T5-base,margin,0.65,0.278125,0.721875,491,False,,
MedMentions,FLAN-T5-base,margin,0.6,0.2949152542372881,0.7050847457627119,491,False,,
MedMentions,FLAN-T5-base,margin,0.55,0.3062730627306273,0.6937269372693726,491,False,,
MedMentions,FLAN-T5-base,margin,0.5,0.3130081300813008,0.6869918699186992,491,False,,
MedMentions,FLAN-T5-base,margin,0.45,0.3257918552036199,0.6742081447963801,491,False,,
MedMentions,FLAN-T5-base,margin,0.4,0.3451776649746192,0.6548223350253808,491,False,,
MedMentions,FLAN-T5-base,margin,0.35,0.3313953488372093,0.6686046511627908,491,False,,
MedMentions,FLAN-T5-base,margin,0.3,0.3581081081081081,0.6418918918918919,491,False,,
MedMentions,FLAN-T5-base,margin,0.25,0.3414634146341463,0.6585365853658536,491,False,,
MedMentions,FLAN-T5-base,margin,0.2,0.3838383838383838,0.6161616161616161,491,False,,
MedMentions,FLAN-T5-base,margin,0.15,0.4189189189189189,0.5810810810810811,491,False,,
MedMentions,FLAN-T5-base,margin,0.1,0.4,0.6,491,False,,
MedMentions,FLAN-T5-base,random,1.0,0.2097759674134419,0.790224032586558,491,False,,
MedMentions,FLAN-T5-base,random,0.95,0.2098501070663811,0.7901498929336189,491,False,,
MedMentions,FLAN-T5-base,random,0.9,0.2101809954751131,0.7898190045248868,491,False,,
MedMentions,FLAN-T5-base,random,0.85,0.2111244019138755,0.7888755980861244,491,False,,
MedMentions,FLAN-T5-base,random,0.8,0.2111959287531807,0.7888040712468193,491,False,,
MedMentions,FLAN-T5-base,random,0.75,0.2115176151761517,0.7884823848238482,491,False,,
MedMentions,FLAN-T5-base,random,0.7,0.2111918604651163,0.7888081395348837,491,False,,
MedMentions,FLAN-T5-base,random,0.65,0.2082812499999999,0.79171875,491,False,,
MedMentions,FLAN-T5-base,random,0.6,0.2081355932203389,0.791864406779661,491,False,,
MedMentions,FLAN-T5-base,random,0.55,0.2075645756457564,0.7924354243542435,491,False,,
MedMentions,FLAN-T5-base,random,0.5,0.208130081300813,0.791869918699187,491,False,,
MedMentions,FLAN-T5-base,random,0.45,0.2088235294117646,0.7911764705882354,491,False,,
MedMentions,FLAN-T5-base,random,0.4,0.2096446700507614,0.7903553299492385,491,False,,
MedMentions,FLAN-T5-base,random,0.35,0.2113372093023255,0.7886627906976744,491,False,,
MedMentions,FLAN-T5-base,random,0.3,0.2175675675675676,0.7824324324324324,491,False,,
MedMentions,FLAN-T5-base,random,0.25,0.2121951219512195,0.7878048780487805,491,False,,
MedMentions,FLAN-T5-base,random,0.2,0.2222222222222221,0.7777777777777778,491,False,,
MedMentions,FLAN-T5-base,random,0.15,0.2141891891891891,0.7858108108108108,491,False,,
MedMentions,FLAN-T5-base,random,0.1,0.217,0.7829999999999999,491,False,,
MedMentions,Llama3-OpenBioLLM-8B,combined,1.0,0.2281059063136456,0.7718940936863543,491,False,,
MedMentions,Llama3-OpenBioLLM-8B,combined,0.95,0.2355460385438972,0.7644539614561028,491,False,,
MedMentions,Llama3-OpenBioLLM-8B,combined,0.9,0.2443438914027149,0.755656108597285,491,False,,
MedMentions,Llama3-OpenBioLLM-8B,combined,0.85,0.2535885167464115,0.7464114832535885,491,False,,
MedMentions,Llama3-OpenBioLLM-8B,combined,0.8,0.2646310432569974,0.7353689567430026,491,False,,
MedMentions,Llama3-OpenBioLLM-8B,combined,0.75,0.2764227642276423,0.7235772357723578,491,False,,
MedMentions,Llama3-OpenBioLLM-8B,combined,0.7,0.2877906976744186,0.7122093023255813,491,False,,
MedMentions,Llama3-OpenBioLLM-8B,combined,0.65,0.30625,0.69375,491,False,,
MedMentions,Llama3-OpenBioLLM-8B,combined,0.6,0.3186440677966101,0.6813559322033899,491,False,,
MedMentions,Llama3-OpenBioLLM-8B,combined,0.55,0.3210332103321033,0.6789667896678967,491,False,,
MedMentions,Llama3-OpenBioLLM-8B,combined,0.5,0.3292682926829268,0.6707317073170731,491,False,,
MedMentions,Llama3-OpenBioLLM-8B,combined,0.45,0.3438914027149321,0.6561085972850679,491,False,,
MedMentions,Llama3-OpenBioLLM-8B,combined,0.4,0.3553299492385787,0.6446700507614214,491,False,,
MedMentions,Llama3-OpenBioLLM-8B,combined,0.35,0.3430232558139535,0.6569767441860466,491,False,,
MedMentions,Llama3-OpenBioLLM-8B,combined,0.3,0.3445945945945945,0.6554054054054055,491,False,,
MedMentions,Llama3-OpenBioLLM-8B,combined,0.25,0.3414634146341463,0.6585365853658536,491,False,,
MedMentions,Llama3-OpenBioLLM-8B,combined,0.2,0.3838383838383838,0.6161616161616161,491,False,,
MedMentions,Llama3-OpenBioLLM-8B,combined,0.15,0.4864864864864865,0.5135135135135135,491,False,,
MedMentions,Llama3-OpenBioLLM-8B,combined,0.1,0.6,0.4,491,False,,
MedMentions,Llama3-OpenBioLLM-8B,combined_3,1.0,0.2281059063136456,0.7718940936863543,491,False,,
MedMentions,Llama3-OpenBioLLM-8B,combined_3,0.95,0.2355460385438972,0.7644539614561028,491,False,,
MedMentions,Llama3-OpenBioLLM-8B,combined_3,0.9,0.2420814479638009,0.7579185520361991,491,False,,
MedMentions,Llama3-OpenBioLLM-8B,combined_3,0.85,0.2559808612440191,0.7440191387559809,491,False,,
MedMentions,Llama3-OpenBioLLM-8B,combined_3,0.8,0.2697201017811705,0.7302798982188294,491,False,,
MedMentions,Llama3-OpenBioLLM-8B,combined_3,0.75,0.2791327913279133,0.7208672086720866,491,False,,
MedMentions,Llama3-OpenBioLLM-8B,combined_3,0.7,0.2994186046511627,0.7005813953488372,491,False,,
MedMentions,Llama3-OpenBioLLM-8B,combined_3,0.65,0.315625,0.684375,491,False,,
MedMentions,Llama3-OpenBioLLM-8B,combined_3,0.6,0.3322033898305084,0.6677966101694915,491,False,,
MedMentions,Llama3-OpenBioLLM-8B,combined_3,0.55,0.3616236162361623,0.6383763837638377,491,False,,
MedMentions,Llama3-OpenBioLLM-8B,combined_3,0.5,0.3821138211382114,0.6178861788617886,491,False,,
MedMentions,Llama3-OpenBioLLM-8B,combined_3,0.45,0.416289592760181,0.5837104072398189,491,False,,
MedMentions,Llama3-OpenBioLLM-8B,combined_3,0.4,0.4314720812182741,0.5685279187817258,491,False,,
MedMentions,Llama3-OpenBioLLM-8B,combined_3,0.35,0.4651162790697674,0.5348837209302326,491,False,,
MedMentions,Llama3-OpenBioLLM-8B,combined_3,0.3,0.4864864864864865,0.5135135135135135,491,False,,
MedMentions,Llama3-OpenBioLLM-8B,combined_3,0.25,0.5365853658536586,0.4634146341463414,491,False,,
MedMentions,Llama3-OpenBioLLM-8B,combined_3,0.2,0.5757575757575758,0.4242424242424242,491,False,,
MedMentions,Llama3-OpenBioLLM-8B,combined_3,0.15,0.5945945945945946,0.4054054054054054,491,False,,
MedMentions,Llama3-OpenBioLLM-8B,combined_3,0.1,0.62,0.38,491,False,,
MedMentions,Llama3-OpenBioLLM-8B,confidence,1.0,0.2281059063136456,0.7718940936863543,491,False,,
MedMentions,Llama3-OpenBioLLM-8B,confidence,0.95,0.2312633832976445,0.7687366167023555,491,False,,
MedMentions,Llama3-OpenBioLLM-8B,confidence,0.9,0.2375565610859728,0.7624434389140271,491,False,,
MedMentions,Llama3-OpenBioLLM-8B,confidence,0.85,0.2416267942583732,0.7583732057416268,491,False,,
MedMentions,Llama3-OpenBioLLM-8B,confidence,0.8,0.2519083969465648,0.7480916030534351,491,False,,
MedMentions,Llama3-OpenBioLLM-8B,confidence,0.75,0.2628726287262872,0.7371273712737128,491,False,,
MedMentions,Llama3-OpenBioLLM-8B,confidence,0.7,0.2761627906976744,0.7238372093023255,491,False,,
MedMentions,Llama3-OpenBioLLM-8B,confidence,0.65,0.29375,0.70625,491,False,,
MedMentions,Llama3-OpenBioLLM-8B,confidence,0.6,0.3152542372881356,0.6847457627118644,491,False,,
MedMentions,Llama3-OpenBioLLM-8B,confidence,0.55,0.3431734317343173,0.6568265682656826,491,False,,
MedMentions,Llama3-OpenBioLLM-8B,confidence,0.5,0.3617886178861789,0.6382113821138211,491,False,,
MedMentions,Llama3-OpenBioLLM-8B,confidence,0.45,0.3981900452488687,0.6018099547511313,491,False,,
MedMentions,Llama3-OpenBioLLM-8B,confidence,0.4,0.4365482233502538,0.5634517766497462,491,False,,
MedMentions,Llama3-OpenBioLLM-8B,confidence,0.35,0.4767441860465116,0.5232558139534884,491,False,,
MedMentions,Llama3-OpenBioLLM-8B,confidence,0.3,0.5,0.5,491,False,,
MedMentions,Llama3-OpenBioLLM-8B,confidence,0.25,0.4552845528455284,0.5447154471544715,491,False,,
MedMentions,Llama3-OpenBioLLM-8B,confidence,0.2,0.4545454545454545,0.5454545454545454,491,False,,
MedMentions,Llama3-OpenBioLLM-8B,confidence,0.15,0.4324324324324324,0.5675675675675675,491,False,,
MedMentions,Llama3-OpenBioLLM-8B,confidence,0.1,0.44,0.56,491,False,,
MedMentions,Llama3-OpenBioLLM-8B,entropy,1.0,0.2281059063136456,0.7718940936863543,491,False,,
MedMentions,Llama3-OpenBioLLM-8B,entropy,0.95,0.2355460385438972,0.7644539614561028,491,False,,
MedMentions,Llama3-OpenBioLLM-8B,entropy,0.9,0.2420814479638009,0.7579185520361991,491,False,,
MedMentions,Llama3-OpenBioLLM-8B,entropy,0.85,0.2535885167464115,0.7464114832535885,491,False,,
MedMentions,Llama3-OpenBioLLM-8B,entropy,0.8,0.2646310432569974,0.7353689567430026,491,False,,
MedMentions,Llama3-OpenBioLLM-8B,entropy,0.75,0.2737127371273712,0.7262872628726287,491,False,,
MedMentions,Llama3-OpenBioLLM-8B,entropy,0.7,0.2877906976744186,0.7122093023255813,491,False,,
MedMentions,Llama3-OpenBioLLM-8B,entropy,0.65,0.30625,0.69375,491,False,,
MedMentions,Llama3-OpenBioLLM-8B,entropy,0.6,0.3152542372881356,0.6847457627118644,491,False,,
MedMentions,Llama3-OpenBioLLM-8B,entropy,0.55,0.3210332103321033,0.6789667896678967,491,False,,
MedMentions,Llama3-OpenBioLLM-8B,entropy,0.5,0.3292682926829268,0.6707317073170731,491,False,,
MedMentions,Llama3-OpenBioLLM-8B,entropy,0.45,0.334841628959276,0.6651583710407241,491,False,,
MedMentions,Llama3-OpenBioLLM-8B,entropy,0.4,0.3197969543147208,0.6802030456852792,491,False,,
MedMentions,Llama3-OpenBioLLM-8B,entropy,0.35,0.3430232558139535,0.6569767441860466,491,False,,
MedMentions,Llama3-OpenBioLLM-8B,entropy,0.3,0.3445945945945945,0.6554054054054055,491,False,,
MedMentions,Llama3-OpenBioLLM-8B,entropy,0.25,0.3495934959349593,0.6504065040650406,491,False,,
MedMentions,Llama3-OpenBioLLM-8B,entropy,0.2,0.3232323232323232,0.6767676767676767,491,False,,
MedMentions,Llama3-OpenBioLLM-8B,entropy,0.15,0.3378378378378378,0.6621621621621622,491,False,,
MedMentions,Llama3-OpenBioLLM-8B,entropy,0.1,0.32,0.6799999999999999,491,False,,
MedMentions,Llama3-OpenBioLLM-8B,margin,1.0,0.2281059063136456,0.7718940936863543,491,False,,
MedMentions,Llama3-OpenBioLLM-8B,margin,0.95,0.2291220556745182,0.7708779443254818,491,False,,
MedMentions,Llama3-OpenBioLLM-8B,margin,0.9,0.2352941176470588,0.7647058823529411,491,False,,
MedMentions,Llama3-OpenBioLLM-8B,margin,0.85,0.2488038277511961,0.7511961722488039,491,False,,
MedMentions,Llama3-OpenBioLLM-8B,margin,0.8,0.2620865139949109,0.7379134860050891,491,False,,
MedMentions,Llama3-OpenBioLLM-8B,margin,0.75,0.2737127371273712,0.7262872628726287,491,False,,
MedMentions,Llama3-OpenBioLLM-8B,margin,0.7,0.2848837209302325,0.7151162790697674,491,False,,
MedMentions,Llama3-OpenBioLLM-8B,margin,0.65,0.290625,0.709375,491,False,,
MedMentions,Llama3-OpenBioLLM-8B,margin,0.6,0.3050847457627119,0.6949152542372881,491,False,,
MedMentions,Llama3-OpenBioLLM-8B,margin,0.55,0.3136531365313653,0.6863468634686347,491,False,,
MedMentions,Llama3-OpenBioLLM-8B,margin,0.5,0.3333333333333333,0.6666666666666667,491,False,,
MedMentions,Llama3-OpenBioLLM-8B,margin,0.45,0.3393665158371041,0.6606334841628959,491,False,,
MedMentions,Llama3-OpenBioLLM-8B,margin,0.4,0.3553299492385787,0.6446700507614214,491,False,,
MedMentions,Llama3-OpenBioLLM-8B,margin,0.35,0.377906976744186,0.622093023255814,491,False,,
MedMentions,Llama3-OpenBioLLM-8B,margin,0.3,0.3783783783783784,0.6216216216216216,491,False,,
MedMentions,Llama3-OpenBioLLM-8B,margin,0.25,0.4146341463414634,0.5853658536585367,491,False,,
MedMentions,Llama3-OpenBioLLM-8B,margin,0.2,0.4444444444444444,0.5555555555555556,491,False,,
MedMentions,Llama3-OpenBioLLM-8B,margin,0.15,0.4729729729729729,0.527027027027027,491,False,,
MedMentions,Llama3-OpenBioLLM-8B,margin,0.1,0.44,0.56,491,False,,
MedMentions,Llama3-OpenBioLLM-8B,random,1.0,0.2281059063136456,0.7718940936863543,491,False,,
MedMentions,Llama3-OpenBioLLM-8B,random,0.95,0.2294432548179872,0.7705567451820128,491,False,,
MedMentions,Llama3-OpenBioLLM-8B,random,0.9,0.2317873303167421,0.7682126696832579,491,False,,
MedMentions,Llama3-OpenBioLLM-8B,random,0.85,0.233133971291866,0.7668660287081339,491,False,,
MedMentions,Llama3-OpenBioLLM-8B,random,0.8,0.2343511450381679,0.7656488549618321,491,False,,
MedMentions,Llama3-OpenBioLLM-8B,random,0.75,0.2341463414634146,0.7658536585365854,491,False,,
MedMentions,Llama3-OpenBioLLM-8B,random,0.7,0.2347383720930232,0.7652616279069767,491,False,,
MedMentions,Llama3-OpenBioLLM-8B,random,0.65,0.2328124999999999,0.7671875,491,False,,
MedMentions,Llama3-OpenBioLLM-8B,random,0.6,0.2323728813559321,0.7676271186440679,491,False,,
MedMentions,Llama3-OpenBioLLM-8B,random,0.55,0.2345018450184501,0.7654981549815498,491,False,,
MedMentions,Llama3-OpenBioLLM-8B,random,0.5,0.232520325203252,0.767479674796748,491,False,,
MedMentions,Llama3-OpenBioLLM-8B,random,0.45,0.2334841628959276,0.7665158371040723,491,False,,
MedMentions,Llama3-OpenBioLLM-8B,random,0.4,0.2370558375634518,0.7629441624365482,491,False,,
MedMentions,Llama3-OpenBioLLM-8B,random,0.35,0.2406976744186046,0.7593023255813953,491,False,,
MedMentions,Llama3-OpenBioLLM-8B,random,0.3,0.2408783783783784,0.7591216216216217,491,False,,
MedMentions,Llama3-OpenBioLLM-8B,random,0.25,0.2467479674796747,0.7532520325203252,491,False,,
MedMentions,Llama3-OpenBioLLM-8B,random,0.2,0.2429292929292929,0.7570707070707071,491,False,,
MedMentions,Llama3-OpenBioLLM-8B,random,0.15,0.2412162162162162,0.7587837837837837,491,False,,
MedMentions,Llama3-OpenBioLLM-8B,random,0.1,0.248,0.752,491,False,,
MedMentions,Meta-Llama-3-8B-Instruct,combined,1.0,0.2204081632653061,0.7795918367346939,490,False,,
MedMentions,Meta-Llama-3-8B-Instruct,combined,0.95,0.223175965665236,0.7768240343347639,490,False,,
MedMentions,Meta-Llama-3-8B-Instruct,combined,0.9,0.2267573696145124,0.7732426303854876,490,False,,
MedMentions,Meta-Llama-3-8B-Instruct,combined,0.85,0.2302158273381295,0.7697841726618705,490,False,,
MedMentions,Meta-Llama-3-8B-Instruct,combined,0.8,0.2321428571428571,0.7678571428571428,490,False,,
MedMentions,Meta-Llama-3-8B-Instruct,combined,0.75,0.2391304347826087,0.7608695652173914,490,False,,
MedMentions,Meta-Llama-3-8B-Instruct,combined,0.7,0.2478134110787172,0.7521865889212828,490,False,,
MedMentions,Meta-Llama-3-8B-Instruct,combined,0.65,0.2476489028213166,0.7523510971786834,490,False,,
MedMentions,Meta-Llama-3-8B-Instruct,combined,0.6,0.2551020408163265,0.7448979591836735,490,False,,
MedMentions,Meta-Llama-3-8B-Instruct,combined,0.55,0.2481481481481481,0.7518518518518519,490,False,,
MedMentions,Meta-Llama-3-8B-Instruct,combined,0.5,0.2530612244897959,0.7469387755102042,490,False,,
MedMentions,Meta-Llama-3-8B-Instruct,combined,0.45,0.2714932126696832,0.7285067873303168,490,False,,
MedMentions,Meta-Llama-3-8B-Instruct,combined,0.4,0.2755102040816326,0.7244897959183674,490,False,,
MedMentions,Meta-Llama-3-8B-Instruct,combined,0.35,0.2965116279069767,0.7034883720930232,490,False,,
MedMentions,Meta-Llama-3-8B-Instruct,combined,0.3,0.3265306122448979,0.6734693877551021,490,False,,
MedMentions,Meta-Llama-3-8B-Instruct,combined,0.25,0.3333333333333333,0.6666666666666667,490,False,,
MedMentions,Meta-Llama-3-8B-Instruct,combined,0.2,0.3163265306122449,0.6836734693877551,490,False,,
MedMentions,Meta-Llama-3-8B-Instruct,combined,0.15,0.3243243243243243,0.6756756756756757,490,False,,
MedMentions,Meta-Llama-3-8B-Instruct,combined,0.1,0.3265306122448979,0.6734693877551021,490,False,,
MedMentions,Meta-Llama-3-8B-Instruct,combined_3,1.0,0.2204081632653061,0.7795918367346939,490,False,,
MedMentions,Meta-Llama-3-8B-Instruct,combined_3,0.95,0.2210300429184549,0.778969957081545,490,False,,
MedMentions,Meta-Llama-3-8B-Instruct,combined_3,0.9,0.2290249433106576,0.7709750566893424,490,False,,
MedMentions,Meta-Llama-3-8B-Instruct,combined_3,0.85,0.2302158273381295,0.7697841726618705,490,False,,
MedMentions,Meta-Llama-3-8B-Instruct,combined_3,0.8,0.2397959183673469,0.7602040816326531,490,False,,
MedMentions,Meta-Llama-3-8B-Instruct,combined_3,0.75,0.2418478260869565,0.7581521739130435,490,False,,
MedMentions,Meta-Llama-3-8B-Instruct,combined_3,0.7,0.2594752186588921,0.7405247813411079,490,False,,
MedMentions,Meta-Llama-3-8B-Instruct,combined_3,0.65,0.2601880877742947,0.7398119122257053,490,False,,
MedMentions,Meta-Llama-3-8B-Instruct,combined_3,0.6,0.272108843537415,0.727891156462585,490,False,,
MedMentions,Meta-Llama-3-8B-Instruct,combined_3,0.55,0.2777777777777778,0.7222222222222222,490,False,,
MedMentions,Meta-Llama-3-8B-Instruct,combined_3,0.5,0.2979591836734694,0.7020408163265306,490,False,,
MedMentions,Meta-Llama-3-8B-Instruct,combined_3,0.45,0.3167420814479638,0.6832579185520362,490,False,,
MedMentions,Meta-Llama-3-8B-Instruct,combined_3,0.4,0.3265306122448979,0.6734693877551021,490,False,,
MedMentions,Meta-Llama-3-8B-Instruct,combined_3,0.35,0.3372093023255814,0.6627906976744187,490,False,,
MedMentions,Meta-Llama-3-8B-Instruct,combined_3,0.3,0.3673469387755102,0.6326530612244898,490,False,,
MedMentions,Meta-Llama-3-8B-Instruct,combined_3,0.25,0.3983739837398374,0.6016260162601625,490,False,,
MedMentions,Meta-Llama-3-8B-Instruct,combined_3,0.2,0.4285714285714285,0.5714285714285714,490,False,,
MedMentions,Meta-Llama-3-8B-Instruct,combined_3,0.15,0.4459459459459459,0.5540540540540541,490,False,,
MedMentions,Meta-Llama-3-8B-Instruct,combined_3,0.1,0.4897959183673469,0.5102040816326531,490,False,,
MedMentions,Meta-Llama-3-8B-Instruct,confidence,1.0,0.2204081632653061,0.7795918367346939,490,False,,
MedMentions,Meta-Llama-3-8B-Instruct,confidence,0.95,0.2274678111587982,0.7725321888412018,490,False,,
MedMentions,Meta-Llama-3-8B-Instruct,confidence,0.9,0.2267573696145124,0.7732426303854876,490,False,,
MedMentions,Meta-Llama-3-8B-Instruct,confidence,0.85,0.2326139088729016,0.7673860911270983,490,False,,
MedMentions,Meta-Llama-3-8B-Instruct,confidence,0.8,0.2270408163265306,0.7729591836734694,490,False,,
MedMentions,Meta-Llama-3-8B-Instruct,confidence,0.75,0.2391304347826087,0.7608695652173914,490,False,,
MedMentions,Meta-Llama-3-8B-Instruct,confidence,0.7,0.2536443148688047,0.7463556851311953,490,False,,
MedMentions,Meta-Llama-3-8B-Instruct,confidence,0.65,0.2664576802507837,0.7335423197492164,490,False,,
MedMentions,Meta-Llama-3-8B-Instruct,confidence,0.6,0.282312925170068,0.717687074829932,490,False,,
MedMentions,Meta-Llama-3-8B-Instruct,confidence,0.55,0.2962962962962963,0.7037037037037037,490,False,,
MedMentions,Meta-Llama-3-8B-Instruct,confidence,0.5,0.2938775510204082,0.7061224489795919,490,False,,
MedMentions,Meta-Llama-3-8B-Instruct,confidence,0.45,0.2850678733031674,0.7149321266968326,490,False,,
MedMentions,Meta-Llama-3-8B-Instruct,confidence,0.4,0.2908163265306122,0.7091836734693877,490,False,,
MedMentions,Meta-Llama-3-8B-Instruct,confidence,0.35,0.2848837209302325,0.7151162790697674,490,False,,
MedMentions,Meta-Llama-3-8B-Instruct,confidence,0.3,0.272108843537415,0.727891156462585,490,False,,
MedMentions,Meta-Llama-3-8B-Instruct,confidence,0.25,0.2601626016260163,0.7398373983739837,490,False,,
MedMentions,Meta-Llama-3-8B-Instruct,confidence,0.2,0.2551020408163265,0.7448979591836735,490,False,,
MedMentions,Meta-Llama-3-8B-Instruct,confidence,0.15,0.2027027027027027,0.7972972972972973,490,False,,
MedMentions,Meta-Llama-3-8B-Instruct,confidence,0.1,0.1224489795918367,0.8775510204081632,490,False,,
MedMentions,Meta-Llama-3-8B-Instruct,entropy,1.0,0.2204081632653061,0.7795918367346939,490,False,,
MedMentions,Meta-Llama-3-8B-Instruct,entropy,0.95,0.223175965665236,0.7768240343347639,490,False,,
MedMentions,Meta-Llama-3-8B-Instruct,entropy,0.9,0.2267573696145124,0.7732426303854876,490,False,,
MedMentions,Meta-Llama-3-8B-Instruct,entropy,0.85,0.2302158273381295,0.7697841726618705,490,False,,
MedMentions,Meta-Llama-3-8B-Instruct,entropy,0.8,0.2321428571428571,0.7678571428571428,490,False,,
MedMentions,Meta-Llama-3-8B-Instruct,entropy,0.75,0.2391304347826087,0.7608695652173914,490,False,,
MedMentions,Meta-Llama-3-8B-Instruct,entropy,0.7,0.2478134110787172,0.7521865889212828,490,False,,
MedMentions,Meta-Llama-3-8B-Instruct,entropy,0.65,0.2476489028213166,0.7523510971786834,490,False,,
MedMentions,Meta-Llama-3-8B-Instruct,entropy,0.6,0.2448979591836734,0.7551020408163265,490,False,,
MedMentions,Meta-Llama-3-8B-Instruct,entropy,0.55,0.2481481481481481,0.7518518518518519,490,False,,
MedMentions,Meta-Llama-3-8B-Instruct,entropy,0.5,0.2571428571428571,0.7428571428571429,490,False,,
MedMentions,Meta-Llama-3-8B-Instruct,entropy,0.45,0.253393665158371,0.746606334841629,490,False,,
MedMentions,Meta-Llama-3-8B-Instruct,entropy,0.4,0.2448979591836734,0.7551020408163265,490,False,,
MedMentions,Meta-Llama-3-8B-Instruct,entropy,0.35,0.2441860465116279,0.7558139534883721,490,False,,
MedMentions,Meta-Llama-3-8B-Instruct,entropy,0.3,0.2517006802721088,0.7482993197278911,490,False,,
MedMentions,Meta-Llama-3-8B-Instruct,entropy,0.25,0.2520325203252032,0.7479674796747968,490,False,,
MedMentions,Meta-Llama-3-8B-Instruct,entropy,0.2,0.2551020408163265,0.7448979591836735,490,False,,
MedMentions,Meta-Llama-3-8B-Instruct,entropy,0.15,0.2297297297297297,0.7702702702702703,490,False,,
MedMentions,Meta-Llama-3-8B-Instruct,entropy,0.1,0.2448979591836734,0.7551020408163265,490,False,,
MedMentions,Meta-Llama-3-8B-Instruct,margin,1.0,0.2204081632653061,0.7795918367346939,490,False,,
MedMentions,Meta-Llama-3-8B-Instruct,margin,0.95,0.2167381974248927,0.7832618025751072,490,False,,
MedMentions,Meta-Llama-3-8B-Instruct,margin,0.9,0.2267573696145124,0.7732426303854876,490,False,,
MedMentions,Meta-Llama-3-8B-Instruct,margin,0.85,0.2398081534772182,0.7601918465227817,490,False,,
MedMentions,Meta-Llama-3-8B-Instruct,margin,0.8,0.2448979591836734,0.7551020408163265,490,False,,
MedMentions,Meta-Llama-3-8B-Instruct,margin,0.75,0.25,0.75,490,False,,
MedMentions,Meta-Llama-3-8B-Instruct,margin,0.7,0.2594752186588921,0.7405247813411079,490,False,,
MedMentions,Meta-Llama-3-8B-Instruct,margin,0.65,0.2664576802507837,0.7335423197492164,490,False,,
MedMentions,Meta-Llama-3-8B-Instruct,margin,0.6,0.2653061224489796,0.7346938775510203,490,False,,
MedMentions,Meta-Llama-3-8B-Instruct,margin,0.55,0.2814814814814815,0.7185185185185186,490,False,,
MedMentions,Meta-Llama-3-8B-Instruct,margin,0.5,0.2938775510204082,0.7061224489795919,490,False,,
MedMentions,Meta-Llama-3-8B-Instruct,margin,0.45,0.2941176470588235,0.7058823529411764,490,False,,
MedMentions,Meta-Llama-3-8B-Instruct,margin,0.4,0.3163265306122449,0.6836734693877551,490,False,,
MedMentions,Meta-Llama-3-8B-Instruct,margin,0.35,0.3197674418604651,0.6802325581395349,490,False,,
MedMentions,Meta-Llama-3-8B-Instruct,margin,0.3,0.3265306122448979,0.6734693877551021,490,False,,
MedMentions,Meta-Llama-3-8B-Instruct,margin,0.25,0.3414634146341463,0.6585365853658536,490,False,,
MedMentions,Meta-Llama-3-8B-Instruct,margin,0.2,0.3877551020408163,0.6122448979591837,490,False,,
MedMentions,Meta-Llama-3-8B-Instruct,margin,0.15,0.3918918918918919,0.6081081081081081,490,False,,
MedMentions,Meta-Llama-3-8B-Instruct,margin,0.1,0.4081632653061224,0.5918367346938775,490,False,,
MedMentions,Meta-Llama-3-8B-Instruct,random,1.0,0.2204081632653061,0.7795918367346939,490,False,,
MedMentions,Meta-Llama-3-8B-Instruct,random,0.95,0.2201716738197425,0.7798283261802574,490,False,,
MedMentions,Meta-Llama-3-8B-Instruct,random,0.9,0.2188208616780045,0.7811791383219955,490,False,,
MedMentions,Meta-Llama-3-8B-Instruct,random,0.85,0.2194244604316547,0.7805755395683454,490,False,,
MedMentions,Meta-Llama-3-8B-Instruct,random,0.8,0.2214285714285714,0.7785714285714286,490,False,,
MedMentions,Meta-Llama-3-8B-Instruct,random,0.75,0.2237771739130434,0.7762228260869566,490,False,,
MedMentions,Meta-Llama-3-8B-Instruct,random,0.7,0.2252186588921282,0.7747813411078717,490,False,,
MedMentions,Meta-Llama-3-8B-Instruct,random,0.65,0.2228840125391849,0.7771159874608151,490,False,,
MedMentions,Meta-Llama-3-8B-Instruct,random,0.6,0.2229591836734693,0.7770408163265307,490,False,,
MedMentions,Meta-Llama-3-8B-Instruct,random,0.55,0.2229629629629629,0.7770370370370371,490,False,,
MedMentions,Meta-Llama-3-8B-Instruct,random,0.5,0.2210204081632653,0.7789795918367347,490,False,,
MedMentions,Meta-Llama-3-8B-Instruct,random,0.45,0.221945701357466,0.778054298642534,490,False,,
MedMentions,Meta-Llama-3-8B-Instruct,random,0.4,0.2196428571428571,0.7803571428571429,490,False,,
MedMentions,Meta-Llama-3-8B-Instruct,random,0.35,0.2148255813953488,0.7851744186046512,490,False,,
MedMentions,Meta-Llama-3-8B-Instruct,random,0.3,0.2142857142857142,0.7857142857142858,490,False,,
MedMentions,Meta-Llama-3-8B-Instruct,random,0.25,0.2113821138211381,0.7886178861788619,490,False,,
MedMentions,Meta-Llama-3-8B-Instruct,random,0.2,0.2091836734693877,0.7908163265306123,490,False,,
MedMentions,Meta-Llama-3-8B-Instruct,random,0.15,0.2101351351351351,0.7898648648648648,490,False,,
MedMentions,Meta-Llama-3-8B-Instruct,random,0.1,0.2132653061224489,0.786734693877551,490,False,,
MedMentions,Mistral-7B-Instruct-v0.1,combined,1.0,0.2118126272912423,0.7881873727087576,491,False,,
MedMentions,Mistral-7B-Instruct-v0.1,combined,0.95,0.2077087794432548,0.7922912205567452,491,False,,
MedMentions,Mistral-7B-Instruct-v0.1,combined,0.9,0.2171945701357466,0.7828054298642534,491,False,,
MedMentions,Mistral-7B-Instruct-v0.1,combined,0.85,0.2224880382775119,0.777511961722488,491,False,,
MedMentions,Mistral-7B-Instruct-v0.1,combined,0.8,0.2315521628498727,0.7684478371501272,491,False,,
MedMentions,Mistral-7B-Instruct-v0.1,combined,0.75,0.2330623306233062,0.7669376693766938,491,False,,
MedMentions,Mistral-7B-Instruct-v0.1,combined,0.7,0.2383720930232558,0.7616279069767442,491,False,,
MedMentions,Mistral-7B-Instruct-v0.1,combined,0.65,0.24375,0.75625,491,False,,
MedMentions,Mistral-7B-Instruct-v0.1,combined,0.6,0.2610169491525423,0.7389830508474576,491,False,,
MedMentions,Mistral-7B-Instruct-v0.1,combined,0.55,0.2656826568265683,0.7343173431734318,491,False,,
MedMentions,Mistral-7B-Instruct-v0.1,combined,0.5,0.2764227642276423,0.7235772357723578,491,False,,
MedMentions,Mistral-7B-Instruct-v0.1,combined,0.45,0.2805429864253393,0.7194570135746606,491,False,,
MedMentions,Mistral-7B-Instruct-v0.1,combined,0.4,0.2741116751269035,0.7258883248730965,491,False,,
MedMentions,Mistral-7B-Instruct-v0.1,combined,0.35,0.2965116279069767,0.7034883720930232,491,False,,
MedMentions,Mistral-7B-Instruct-v0.1,combined,0.3,0.3108108108108108,0.6891891891891893,491,False,,
MedMentions,Mistral-7B-Instruct-v0.1,combined,0.25,0.3495934959349593,0.6504065040650406,491,False,,
MedMentions,Mistral-7B-Instruct-v0.1,combined,0.2,0.4141414141414141,0.5858585858585859,491,False,,
MedMentions,Mistral-7B-Instruct-v0.1,combined,0.15,0.4729729729729729,0.527027027027027,491,False,,
MedMentions,Mistral-7B-Instruct-v0.1,combined,0.1,0.48,0.52,491,False,,
MedMentions,Mistral-7B-Instruct-v0.1,combined_3,1.0,0.2118126272912423,0.7881873727087576,491,False,,
MedMentions,Mistral-7B-Instruct-v0.1,combined_3,0.95,0.2184154175588865,0.7815845824411135,491,False,,
MedMentions,Mistral-7B-Instruct-v0.1,combined_3,0.9,0.2217194570135746,0.7782805429864253,491,False,,
MedMentions,Mistral-7B-Instruct-v0.1,combined_3,0.85,0.2320574162679425,0.7679425837320575,491,False,,
MedMentions,Mistral-7B-Instruct-v0.1,combined_3,0.8,0.2417302798982188,0.7582697201017812,491,False,,
MedMentions,Mistral-7B-Instruct-v0.1,combined_3,0.75,0.2466124661246612,0.7533875338753387,491,False,,
MedMentions,Mistral-7B-Instruct-v0.1,combined_3,0.7,0.252906976744186,0.747093023255814,491,False,,
MedMentions,Mistral-7B-Instruct-v0.1,combined_3,0.65,0.26875,0.73125,491,False,,
MedMentions,Mistral-7B-Instruct-v0.1,combined_3,0.6,0.2813559322033898,0.7186440677966102,491,False,,
MedMentions,Mistral-7B-Instruct-v0.1,combined_3,0.55,0.3025830258302583,0.6974169741697417,491,False,,
MedMentions,Mistral-7B-Instruct-v0.1,combined_3,0.5,0.3048780487804878,0.6951219512195121,491,False,,
MedMentions,Mistral-7B-Instruct-v0.1,combined_3,0.45,0.3303167420814479,0.6696832579185521,491,False,,
MedMentions,Mistral-7B-Instruct-v0.1,combined_3,0.4,0.3553299492385787,0.6446700507614214,491,False,,
MedMentions,Mistral-7B-Instruct-v0.1,combined_3,0.35,0.3895348837209302,0.6104651162790697,491,False,,
MedMentions,Mistral-7B-Instruct-v0.1,combined_3,0.3,0.4189189189189189,0.5810810810810811,491,False,,
MedMentions,Mistral-7B-Instruct-v0.1,combined_3,0.25,0.4552845528455284,0.5447154471544715,491,False,,
MedMentions,Mistral-7B-Instruct-v0.1,combined_3,0.2,0.4646464646464646,0.5353535353535354,491,False,,
MedMentions,Mistral-7B-Instruct-v0.1,combined_3,0.15,0.5,0.5,491,False,,
MedMentions,Mistral-7B-Instruct-v0.1,combined_3,0.1,0.58,0.42,491,False,,
MedMentions,Mistral-7B-Instruct-v0.1,confidence,1.0,0.2118126272912423,0.7881873727087576,491,False,,
MedMentions,Mistral-7B-Instruct-v0.1,confidence,0.95,0.2119914346895074,0.7880085653104925,491,False,,
MedMentions,Mistral-7B-Instruct-v0.1,confidence,0.9,0.2194570135746606,0.7805429864253394,491,False,,
MedMentions,Mistral-7B-Instruct-v0.1,confidence,0.85,0.2224880382775119,0.777511961722488,491,False,,
MedMentions,Mistral-7B-Instruct-v0.1,confidence,0.8,0.2162849872773536,0.7837150127226463,491,False,,
MedMentions,Mistral-7B-Instruct-v0.1,confidence,0.75,0.2276422764227642,0.7723577235772358,491,False,,
MedMentions,Mistral-7B-Instruct-v0.1,confidence,0.7,0.2441860465116279,0.7558139534883721,491,False,,
MedMentions,Mistral-7B-Instruct-v0.1,confidence,0.65,0.25,0.75,491,False,,
MedMentions,Mistral-7B-Instruct-v0.1,confidence,0.6,0.2576271186440678,0.7423728813559323,491,False,,
MedMentions,Mistral-7B-Instruct-v0.1,confidence,0.55,0.2656826568265683,0.7343173431734318,491,False,,
MedMentions,Mistral-7B-Instruct-v0.1,confidence,0.5,0.2886178861788618,0.7113821138211383,491,False,,
MedMentions,Mistral-7B-Instruct-v0.1,confidence,0.45,0.3031674208144796,0.6968325791855203,491,False,,
MedMentions,Mistral-7B-Instruct-v0.1,confidence,0.4,0.3350253807106599,0.6649746192893401,491,False,,
MedMentions,Mistral-7B-Instruct-v0.1,confidence,0.35,0.3604651162790697,0.6395348837209303,491,False,,
MedMentions,Mistral-7B-Instruct-v0.1,confidence,0.3,0.4121621621621621,0.5878378378378378,491,False,,
MedMentions,Mistral-7B-Instruct-v0.1,confidence,0.25,0.3902439024390244,0.6097560975609756,491,False,,
MedMentions,Mistral-7B-Instruct-v0.1,confidence,0.2,0.3636363636363636,0.6363636363636364,491,False,,
MedMentions,Mistral-7B-Instruct-v0.1,confidence,0.15,0.3918918918918919,0.6081081081081081,491,False,,
MedMentions,Mistral-7B-Instruct-v0.1,confidence,0.1,0.38,0.62,491,False,,
MedMentions,Mistral-7B-Instruct-v0.1,entropy,1.0,0.2118126272912423,0.7881873727087576,491,False,,
MedMentions,Mistral-7B-Instruct-v0.1,entropy,0.95,0.2077087794432548,0.7922912205567452,491,False,,
MedMentions,Mistral-7B-Instruct-v0.1,entropy,0.9,0.2171945701357466,0.7828054298642534,491,False,,
MedMentions,Mistral-7B-Instruct-v0.1,entropy,0.85,0.2224880382775119,0.777511961722488,491,False,,
MedMentions,Mistral-7B-Instruct-v0.1,entropy,0.8,0.2315521628498727,0.7684478371501272,491,False,,
MedMentions,Mistral-7B-Instruct-v0.1,entropy,0.75,0.2330623306233062,0.7669376693766938,491,False,,
MedMentions,Mistral-7B-Instruct-v0.1,entropy,0.7,0.2383720930232558,0.7616279069767442,491,False,,
MedMentions,Mistral-7B-Instruct-v0.1,entropy,0.65,0.24375,0.75625,491,False,,
MedMentions,Mistral-7B-Instruct-v0.1,entropy,0.6,0.2610169491525423,0.7389830508474576,491,False,,
MedMentions,Mistral-7B-Instruct-v0.1,entropy,0.55,0.2656826568265683,0.7343173431734318,491,False,,
MedMentions,Mistral-7B-Instruct-v0.1,entropy,0.5,0.2682926829268293,0.7317073170731707,491,False,,
MedMentions,Mistral-7B-Instruct-v0.1,entropy,0.45,0.2850678733031674,0.7149321266968326,491,False,,
MedMentions,Mistral-7B-Instruct-v0.1,entropy,0.4,0.2741116751269035,0.7258883248730965,491,False,,
MedMentions,Mistral-7B-Instruct-v0.1,entropy,0.35,0.2674418604651162,0.7325581395348837,491,False,,
MedMentions,Mistral-7B-Instruct-v0.1,entropy,0.3,0.2837837837837837,0.7162162162162162,491,False,,
MedMentions,Mistral-7B-Instruct-v0.1,entropy,0.25,0.2682926829268293,0.7317073170731707,491,False,,
MedMentions,Mistral-7B-Instruct-v0.1,entropy,0.2,0.2323232323232323,0.7676767676767677,491,False,,
MedMentions,Mistral-7B-Instruct-v0.1,entropy,0.15,0.2297297297297297,0.7702702702702703,491,False,,
MedMentions,Mistral-7B-Instruct-v0.1,entropy,0.1,0.24,0.76,491,False,,
MedMentions,Mistral-7B-Instruct-v0.1,margin,1.0,0.2118126272912423,0.7881873727087576,491,False,,
MedMentions,Mistral-7B-Instruct-v0.1,margin,0.95,0.2184154175588865,0.7815845824411135,491,False,,
MedMentions,Mistral-7B-Instruct-v0.1,margin,0.9,0.2285067873303167,0.7714932126696833,491,False,,
MedMentions,Mistral-7B-Instruct-v0.1,margin,0.85,0.2344497607655502,0.7655502392344498,491,False,,
MedMentions,Mistral-7B-Instruct-v0.1,margin,0.8,0.2468193384223918,0.7531806615776081,491,False,,
MedMentions,Mistral-7B-Instruct-v0.1,margin,0.75,0.2520325203252032,0.7479674796747968,491,False,,
MedMentions,Mistral-7B-Instruct-v0.1,margin,0.7,0.2616279069767442,0.7383720930232558,491,False,,
MedMentions,Mistral-7B-Instruct-v0.1,margin,0.65,0.275,0.725,491,False,,
MedMentions,Mistral-7B-Instruct-v0.1,margin,0.6,0.2779661016949152,0.7220338983050847,491,False,,
MedMentions,Mistral-7B-Instruct-v0.1,margin,0.55,0.2878228782287823,0.7121771217712177,491,False,,
MedMentions,Mistral-7B-Instruct-v0.1,margin,0.5,0.2845528455284553,0.7154471544715447,491,False,,
MedMentions,Mistral-7B-Instruct-v0.1,margin,0.45,0.2941176470588235,0.7058823529411764,491,False,,
MedMentions,Mistral-7B-Instruct-v0.1,margin,0.4,0.3096446700507614,0.6903553299492386,491,False,,
MedMentions,Mistral-7B-Instruct-v0.1,margin,0.35,0.3255813953488372,0.6744186046511628,491,False,,
MedMentions,Mistral-7B-Instruct-v0.1,margin,0.3,0.3445945945945945,0.6554054054054055,491,False,,
MedMentions,Mistral-7B-Instruct-v0.1,margin,0.25,0.3658536585365853,0.6341463414634146,491,False,,
MedMentions,Mistral-7B-Instruct-v0.1,margin,0.2,0.3838383838383838,0.6161616161616161,491,False,,
MedMentions,Mistral-7B-Instruct-v0.1,margin,0.15,0.3918918918918919,0.6081081081081081,491,False,,
MedMentions,Mistral-7B-Instruct-v0.1,margin,0.1,0.44,0.56,491,False,,
MedMentions,Mistral-7B-Instruct-v0.1,random,1.0,0.2118126272912423,0.7881873727087576,491,False,,
MedMentions,Mistral-7B-Instruct-v0.1,random,0.95,0.2118843683083511,0.7881156316916489,491,False,,
MedMentions,Mistral-7B-Instruct-v0.1,random,0.9,0.2132352941176471,0.7867647058823529,491,False,,
MedMentions,Mistral-7B-Instruct-v0.1,random,0.85,0.2132775119617224,0.7867224880382775,491,False,,
MedMentions,Mistral-7B-Instruct-v0.1,random,0.8,0.2128498727735369,0.7871501272264632,491,False,,
MedMentions,Mistral-7B-Instruct-v0.1,random,0.75,0.2127371273712736,0.7872628726287263,491,False,,
MedMentions,Mistral-7B-Instruct-v0.1,random,0.7,0.2114825581395349,0.7885174418604651,491,False,,
MedMentions,Mistral-7B-Instruct-v0.1,random,0.65,0.2104687499999999,0.78953125,491,False,,
MedMentions,Mistral-7B-Instruct-v0.1,random,0.6,0.2086440677966101,0.7913559322033898,491,False,,
MedMentions,Mistral-7B-Instruct-v0.1,random,0.55,0.2092250922509225,0.7907749077490775,491,False,,
MedMentions,Mistral-7B-Instruct-v0.1,random,0.5,0.2071138211382114,0.7928861788617886,491,False,,
MedMentions,Mistral-7B-Instruct-v0.1,random,0.45,0.2101809954751131,0.7898190045248868,491,False,,
MedMentions,Mistral-7B-Instruct-v0.1,random,0.4,0.2111675126903553,0.7888324873096446,491,False,,
MedMentions,Mistral-7B-Instruct-v0.1,random,0.35,0.2075581395348837,0.7924418604651162,491,False,,
MedMentions,Mistral-7B-Instruct-v0.1,random,0.3,0.206081081081081,0.793918918918919,491,False,,
MedMentions,Mistral-7B-Instruct-v0.1,random,0.25,0.2081300813008129,0.791869918699187,491,False,,
MedMentions,Mistral-7B-Instruct-v0.1,random,0.2,0.2141414141414142,0.7858585858585858,491,False,,
MedMentions,Mistral-7B-Instruct-v0.1,random,0.15,0.2135135135135135,0.7864864864864864,491,False,,
MedMentions,Mistral-7B-Instruct-v0.1,random,0.1,0.209,0.7909999999999999,491,False,,
MedMentions,BERT-base,entropy,1.0,0.038696537678207736,0.9613034623217923,491,False,491.0,491.0
MedMentions,BERT-base,entropy,0.95,0.03854389721627409,0.961456102783726,491,False,467.0,491.0
MedMentions,BERT-base,entropy,0.9,0.04072398190045249,0.9592760180995475,491,False,442.0,491.0
MedMentions,BERT-base,entropy,0.85,0.0430622009569378,0.9569377990430622,491,False,418.0,491.0
MedMentions,BERT-base,entropy,0.8,0.043256997455470736,0.9567430025445293,491,False,393.0,491.0
MedMentions,BERT-base,entropy,0.75,0.04607046070460705,0.9539295392953929,491,False,369.0,491.0
MedMentions,BERT-base,entropy,0.7,0.0436046511627907,0.9563953488372093,491,False,344.0,491.0
MedMentions,BERT-base,entropy,0.65,0.046875,0.953125,491,False,320.0,491.0
MedMentions,BERT-base,entropy,0.6,0.04406779661016949,0.9559322033898305,491,False,295.0,491.0
MedMentions,BERT-base,entropy,0.55,0.04059040590405904,0.959409594095941,491,False,271.0,491.0
MedMentions,BERT-base,entropy,0.5,0.036585365853658534,0.9634146341463414,491,False,246.0,491.0
MedMentions,BERT-base,entropy,0.45,0.04072398190045249,0.9592760180995475,491,False,221.0,491.0
MedMentions,BERT-base,entropy,0.4,0.03553299492385787,0.9644670050761421,491,False,197.0,491.0
MedMentions,BERT-base,entropy,0.35,0.03488372093023256,0.9651162790697675,491,False,172.0,491.0
MedMentions,BERT-base,entropy,0.3,0.033783783783783786,0.9662162162162162,491,False,148.0,491.0
MedMentions,BERT-base,entropy,0.25,0.04065040650406504,0.959349593495935,491,False,123.0,491.0
MedMentions,BERT-base,entropy,0.2,0.04040404040404041,0.9595959595959596,491,False,99.0,491.0
MedMentions,BERT-base,entropy,0.15,0.04054054054054054,0.9594594594594594,491,False,74.0,491.0
MedMentions,BERT-base,entropy,0.1,0.02,0.98,491,False,50.0,491.0
MedMentions,BERT-base,confidence,1.0,0.038696537678207736,0.9613034623217923,491,False,491.0,491.0
MedMentions,BERT-base,confidence,0.95,0.03854389721627409,0.961456102783726,491,False,467.0,491.0
MedMentions,BERT-base,confidence,0.9,0.03619909502262444,0.9638009049773756,491,False,442.0,491.0
MedMentions,BERT-base,confidence,0.85,0.03349282296650718,0.9665071770334929,491,False,418.0,491.0
MedMentions,BERT-base,confidence,0.8,0.035623409669211195,0.9643765903307888,491,False,393.0,491.0
MedMentions,BERT-base,confidence,0.75,0.037940379403794036,0.962059620596206,491,False,369.0,491.0
MedMentions,BERT-base,confidence,0.7,0.0377906976744186,0.9622093023255814,491,False,344.0,491.0
MedMentions,BERT-base,confidence,0.65,0.0375,0.9625,491,False,320.0,491.0
MedMentions,BERT-base,confidence,0.6,0.04067796610169491,0.9593220338983051,491,False,295.0,491.0
MedMentions,BERT-base,confidence,0.55,0.04059040590405904,0.959409594095941,491,False,271.0,491.0
MedMentions,BERT-base,confidence,0.5,0.04065040650406504,0.959349593495935,491,False,246.0,491.0
MedMentions,BERT-base,confidence,0.45,0.04072398190045249,0.9592760180995475,491,False,221.0,491.0
MedMentions,BERT-base,confidence,0.4,0.04568527918781726,0.9543147208121827,491,False,197.0,491.0
MedMentions,BERT-base,confidence,0.35,0.040697674418604654,0.9593023255813954,491,False,172.0,491.0
MedMentions,BERT-base,confidence,0.3,0.04054054054054054,0.9594594594594594,491,False,148.0,491.0
MedMentions,BERT-base,confidence,0.25,0.04878048780487805,0.9512195121951219,491,False,123.0,491.0
MedMentions,BERT-base,confidence,0.2,0.050505050505050504,0.9494949494949495,491,False,99.0,491.0
MedMentions,BERT-base,confidence,0.15,0.013513513513513514,0.9864864864864865,491,False,74.0,491.0
MedMentions,BERT-base,confidence,0.1,0.0,1.0,491,False,50.0,491.0
MedMentions,BERT-base,margin,1.0,0.038696537678207736,0.9613034623217923,491,False,491.0,491.0
MedMentions,BERT-base,margin,0.95,0.04068522483940043,0.9593147751605996,491,False,467.0,491.0
MedMentions,BERT-base,margin,0.9,0.042986425339366516,0.9570135746606335,491,False,442.0,491.0
MedMentions,BERT-base,margin,0.85,0.045454545454545456,0.9545454545454546,491,False,418.0,491.0
MedMentions,BERT-base,margin,0.8,0.04834605597964377,0.9516539440203562,491,False,393.0,491.0
MedMentions,BERT-base,margin,0.75,0.051490514905149054,0.948509485094851,491,False,369.0,491.0
MedMentions,BERT-base,margin,0.7,0.055232558139534885,0.9447674418604651,491,False,344.0,491.0
MedMentions,BERT-base,margin,0.65,0.059375,0.940625,491,False,320.0,491.0
MedMentions,BERT-base,margin,0.6,0.06440677966101695,0.9355932203389831,491,False,295.0,491.0
MedMentions,BERT-base,margin,0.55,0.07011070110701106,0.929889298892989,491,False,271.0,491.0
MedMentions,BERT-base,margin,0.5,0.07723577235772358,0.9227642276422764,491,False,246.0,491.0
MedMentions,BERT-base,margin,0.45,0.08597285067873303,0.9140271493212669,491,False,221.0,491.0
MedMentions,BERT-base,margin,0.4,0.09644670050761421,0.9035532994923858,491,False,197.0,491.0
MedMentions,BERT-base,margin,0.35,0.11046511627906977,0.8895348837209303,491,False,172.0,491.0
MedMentions,BERT-base,margin,0.3,0.12837837837837837,0.8716216216216216,491,False,148.0,491.0
MedMentions,BERT-base,margin,0.25,0.15447154471544716,0.8455284552845528,491,False,123.0,491.0
MedMentions,BERT-base,margin,0.2,0.1919191919191919,0.8080808080808081,491,False,99.0,491.0
MedMentions,BERT-base,margin,0.15,0.25675675675675674,0.7432432432432432,491,False,74.0,491.0
MedMentions,BERT-base,margin,0.1,0.38,0.62,491,False,50.0,491.0
MedMentions,BERT-base,combined,1.0,0.038696537678207736,0.9613034623217923,491,False,491.0,491.0
MedMentions,BERT-base,combined,0.95,0.03854389721627409,0.961456102783726,491,False,467.0,491.0
MedMentions,BERT-base,combined,0.9,0.04072398190045249,0.9592760180995475,491,False,442.0,491.0
MedMentions,BERT-base,combined,0.85,0.0430622009569378,0.9569377990430622,491,False,418.0,491.0
MedMentions,BERT-base,combined,0.8,0.043256997455470736,0.9567430025445293,491,False,393.0,491.0
MedMentions,BERT-base,combined,0.75,0.04607046070460705,0.9539295392953929,491,False,369.0,491.0
MedMentions,BERT-base,combined,0.7,0.0436046511627907,0.9563953488372093,491,False,344.0,491.0
MedMentions,BERT-base,combined,0.65,0.046875,0.953125,491,False,320.0,491.0
MedMentions,BERT-base,combined,0.6,0.04406779661016949,0.9559322033898305,491,False,295.0,491.0
MedMentions,BERT-base,combined,0.55,0.04059040590405904,0.959409594095941,491,False,271.0,491.0
MedMentions,BERT-base,combined,0.5,0.036585365853658534,0.9634146341463414,491,False,246.0,491.0
MedMentions,BERT-base,combined,0.45,0.04072398190045249,0.9592760180995475,491,False,221.0,491.0
MedMentions,BERT-base,combined,0.4,0.03553299492385787,0.9644670050761421,491,False,197.0,491.0
MedMentions,BERT-base,combined,0.35,0.03488372093023256,0.9651162790697675,491,False,172.0,491.0
MedMentions,BERT-base,combined,0.3,0.033783783783783786,0.9662162162162162,491,False,148.0,491.0
MedMentions,BERT-base,combined,0.25,0.04065040650406504,0.959349593495935,491,False,123.0,491.0
MedMentions,BERT-base,combined,0.2,0.04040404040404041,0.9595959595959596,491,False,99.0,491.0
MedMentions,BERT-base,combined,0.15,0.04054054054054054,0.9594594594594594,491,False,74.0,491.0
MedMentions,BERT-base,combined,0.1,0.02,0.98,491,False,50.0,491.0
MedMentions,BERT-base,combined_3,1.0,0.038696537678207736,0.9613034623217923,491,False,491.0,491.0
MedMentions,BERT-base,combined_3,0.95,0.04068522483940043,0.9593147751605996,491,False,467.0,491.0
MedMentions,BERT-base,combined_3,0.9,0.042986425339366516,0.9570135746606335,491,False,442.0,491.0
MedMentions,BERT-base,combined_3,0.85,0.045454545454545456,0.9545454545454546,491,False,418.0,491.0
MedMentions,BERT-base,combined_3,0.8,0.04834605597964377,0.9516539440203562,491,False,393.0,491.0
MedMentions,BERT-base,combined_3,0.75,0.051490514905149054,0.948509485094851,491,False,369.0,491.0
MedMentions,BERT-base,combined_3,0.7,0.055232558139534885,0.9447674418604651,491,False,344.0,491.0
MedMentions,BERT-base,combined_3,0.65,0.059375,0.940625,491,False,320.0,491.0
MedMentions,BERT-base,combined_3,0.6,0.06440677966101695,0.9355932203389831,491,False,295.0,491.0
MedMentions,BERT-base,combined_3,0.55,0.07011070110701106,0.929889298892989,491,False,271.0,491.0
MedMentions,BERT-base,combined_3,0.5,0.07723577235772358,0.9227642276422764,491,False,246.0,491.0
MedMentions,BERT-base,combined_3,0.45,0.08144796380090498,0.918552036199095,491,False,221.0,491.0
MedMentions,BERT-base,combined_3,0.4,0.09137055837563451,0.9086294416243654,491,False,197.0,491.0
MedMentions,BERT-base,combined_3,0.35,0.10465116279069768,0.8953488372093024,491,False,172.0,491.0
MedMentions,BERT-base,combined_3,0.3,0.11486486486486487,0.8851351351351351,491,False,148.0,491.0
MedMentions,BERT-base,combined_3,0.25,0.12195121951219512,0.8780487804878049,491,False,123.0,491.0
MedMentions,BERT-base,combined_3,0.2,0.15151515151515152,0.8484848484848485,491,False,99.0,491.0
MedMentions,BERT-base,combined_3,0.15,0.17567567567567569,0.8243243243243243,491,False,74.0,491.0
MedMentions,BERT-base,combined_3,0.1,0.26,0.74,491,False,50.0,491.0
MedMentions,BERT-base,random,1.0,0.03869653767820773,0.9613034623217923,491,False,,
MedMentions,BERT-base,random,0.95,0.03875802997858672,0.9612419700214133,491,False,,
MedMentions,BERT-base,random,0.9,0.039366515837104064,0.960633484162896,491,False,,
MedMentions,BERT-base,random,0.85,0.03971291866028708,0.960287081339713,491,False,,
MedMentions,BERT-base,random,0.8,0.040458015267175566,0.9595419847328245,491,False,,
MedMentions,BERT-base,random,0.75,0.040379403794037934,0.9596205962059621,491,False,,
MedMentions,BERT-base,random,0.7,0.03997093023255814,0.9600290697674418,491,False,,
MedMentions,BERT-base,random,0.65,0.04,0.96,491,False,,
MedMentions,BERT-base,random,0.6,0.040847457627118645,0.9591525423728814,491,False,,
MedMentions,BERT-base,random,0.55,0.04022140221402214,0.9597785977859778,491,False,,
MedMentions,BERT-base,random,0.5,0.04024390243902439,0.9597560975609756,491,False,,
MedMentions,BERT-base,random,0.45,0.03981900452488687,0.9601809954751132,491,False,,
MedMentions,BERT-base,random,0.4,0.03883248730964468,0.9611675126903553,491,False,,
MedMentions,BERT-base,random,0.35,0.038081395348837206,0.9619186046511627,491,False,,
MedMentions,BERT-base,random,0.3,0.03648648648648649,0.9635135135135136,491,False,,
MedMentions,BERT-base,random,0.25,0.03658536585365853,0.9634146341463414,491,False,,
MedMentions,BERT-base,random,0.2,0.03484848484848486,0.9651515151515151,491,False,,
MedMentions,BERT-base,random,0.15,0.03648648648648649,0.9635135135135136,491,False,,
MedMentions,BERT-base,random,0.1,0.039000000000000014,0.961,491,False,,
MedMentions,BioBERT,entropy,1.0,0.07128309572301425,0.9287169042769857,491,False,491.0,491.0
MedMentions,BioBERT,entropy,0.95,0.0728051391862955,0.9271948608137045,491,False,467.0,491.0
MedMentions,BioBERT,entropy,0.9,0.07692307692307693,0.9230769230769231,491,False,442.0,491.0
MedMentions,BioBERT,entropy,0.85,0.08133971291866028,0.9186602870813397,491,False,418.0,491.0
MedMentions,BioBERT,entropy,0.8,0.08651399491094147,0.9134860050890585,491,False,393.0,491.0
MedMentions,BioBERT,entropy,0.75,0.0921409214092141,0.9078590785907859,491,False,369.0,491.0
MedMentions,BioBERT,entropy,0.7,0.09302325581395349,0.9069767441860466,491,False,344.0,491.0
MedMentions,BioBERT,entropy,0.65,0.09375,0.90625,491,False,320.0,491.0
MedMentions,BioBERT,entropy,0.6,0.09491525423728814,0.9050847457627118,491,False,295.0,491.0
MedMentions,BioBERT,entropy,0.55,0.0959409594095941,0.9040590405904059,491,False,271.0,491.0
MedMentions,BioBERT,entropy,0.5,0.08943089430894309,0.9105691056910569,491,False,246.0,491.0
MedMentions,BioBERT,entropy,0.45,0.09502262443438914,0.9049773755656109,491,False,221.0,491.0
MedMentions,BioBERT,entropy,0.4,0.1065989847715736,0.8934010152284264,491,False,197.0,491.0
MedMentions,BioBERT,entropy,0.35,0.09883720930232558,0.9011627906976745,491,False,172.0,491.0
MedMentions,BioBERT,entropy,0.3,0.0945945945945946,0.9054054054054054,491,False,148.0,491.0
MedMentions,BioBERT,entropy,0.25,0.10569105691056911,0.8943089430894309,491,False,123.0,491.0
MedMentions,BioBERT,entropy,0.2,0.10101010101010101,0.898989898989899,491,False,99.0,491.0
MedMentions,BioBERT,entropy,0.15,0.08108108108108109,0.9189189189189189,491,False,74.0,491.0
MedMentions,BioBERT,entropy,0.1,0.08,0.92,491,False,50.0,491.0
MedMentions,BioBERT,confidence,1.0,0.07128309572301425,0.9287169042769857,491,False,491.0,491.0
MedMentions,BioBERT,confidence,0.95,0.06638115631691649,0.9336188436830835,491,False,467.0,491.0
MedMentions,BioBERT,confidence,0.9,0.06561085972850679,0.9343891402714932,491,False,442.0,491.0
MedMentions,BioBERT,confidence,0.85,0.0645933014354067,0.9354066985645932,491,False,418.0,491.0
MedMentions,BioBERT,confidence,0.8,0.06615776081424936,0.9338422391857506,491,False,393.0,491.0
MedMentions,BioBERT,confidence,0.75,0.07046070460704607,0.929539295392954,491,False,369.0,491.0
MedMentions,BioBERT,confidence,0.7,0.0755813953488372,0.9244186046511628,491,False,344.0,491.0
MedMentions,BioBERT,confidence,0.65,0.075,0.925,491,False,320.0,491.0
MedMentions,BioBERT,confidence,0.6,0.0711864406779661,0.9288135593220339,491,False,295.0,491.0
MedMentions,BioBERT,confidence,0.55,0.07011070110701106,0.929889298892989,491,False,271.0,491.0
MedMentions,BioBERT,confidence,0.5,0.07723577235772358,0.9227642276422764,491,False,246.0,491.0
MedMentions,BioBERT,confidence,0.45,0.07239819004524888,0.9276018099547512,491,False,221.0,491.0
MedMentions,BioBERT,confidence,0.4,0.07614213197969544,0.9238578680203046,491,False,197.0,491.0
MedMentions,BioBERT,confidence,0.35,0.05813953488372093,0.9418604651162791,491,False,172.0,491.0
MedMentions,BioBERT,confidence,0.3,0.05405405405405406,0.9459459459459459,491,False,148.0,491.0
MedMentions,BioBERT,confidence,0.25,0.056910569105691054,0.943089430894309,491,False,123.0,491.0
MedMentions,BioBERT,confidence,0.2,0.06060606060606061,0.9393939393939394,491,False,99.0,491.0
MedMentions,BioBERT,confidence,0.15,0.04054054054054054,0.9594594594594594,491,False,74.0,491.0
MedMentions,BioBERT,confidence,0.1,0.04,0.96,491,False,50.0,491.0
MedMentions,BioBERT,margin,1.0,0.07128309572301425,0.9287169042769857,491,False,491.0,491.0
MedMentions,BioBERT,margin,0.95,0.07494646680942184,0.9250535331905781,491,False,467.0,491.0
MedMentions,BioBERT,margin,0.9,0.07692307692307693,0.9230769230769231,491,False,442.0,491.0
MedMentions,BioBERT,margin,0.85,0.08133971291866028,0.9186602870813397,491,False,418.0,491.0
MedMentions,BioBERT,margin,0.8,0.08651399491094147,0.9134860050890585,491,False,393.0,491.0
MedMentions,BioBERT,margin,0.75,0.0921409214092141,0.9078590785907859,491,False,369.0,491.0
MedMentions,BioBERT,margin,0.7,0.09883720930232558,0.9011627906976745,491,False,344.0,491.0
MedMentions,BioBERT,margin,0.65,0.10625,0.89375,491,False,320.0,491.0
MedMentions,BioBERT,margin,0.6,0.1152542372881356,0.8847457627118644,491,False,295.0,491.0
MedMentions,BioBERT,margin,0.55,0.12546125461254612,0.8745387453874539,491,False,271.0,491.0
MedMentions,BioBERT,margin,0.5,0.13821138211382114,0.8617886178861789,491,False,246.0,491.0
MedMentions,BioBERT,margin,0.45,0.15384615384615385,0.8461538461538461,491,False,221.0,491.0
MedMentions,BioBERT,margin,0.4,0.17258883248730963,0.8274111675126904,491,False,197.0,491.0
MedMentions,BioBERT,margin,0.35,0.19767441860465115,0.8023255813953488,491,False,172.0,491.0
MedMentions,BioBERT,margin,0.3,0.22972972972972974,0.7702702702702703,491,False,148.0,491.0
MedMentions,BioBERT,margin,0.25,0.2764227642276423,0.7235772357723578,491,False,123.0,491.0
MedMentions,BioBERT,margin,0.2,0.3333333333333333,0.6666666666666667,491,False,99.0,491.0
MedMentions,BioBERT,margin,0.15,0.4189189189189189,0.5810810810810811,491,False,74.0,491.0
MedMentions,BioBERT,margin,0.1,0.58,0.42000000000000004,491,False,50.0,491.0
MedMentions,BioBERT,combined,1.0,0.07128309572301425,0.9287169042769857,491,False,491.0,491.0
MedMentions,BioBERT,combined,0.95,0.0728051391862955,0.9271948608137045,491,False,467.0,491.0
MedMentions,BioBERT,combined,0.9,0.07692307692307693,0.9230769230769231,491,False,442.0,491.0
MedMentions,BioBERT,combined,0.85,0.08133971291866028,0.9186602870813397,491,False,418.0,491.0
MedMentions,BioBERT,combined,0.8,0.08651399491094147,0.9134860050890585,491,False,393.0,491.0
MedMentions,BioBERT,combined,0.75,0.0921409214092141,0.9078590785907859,491,False,369.0,491.0
MedMentions,BioBERT,combined,0.7,0.09302325581395349,0.9069767441860466,491,False,344.0,491.0
MedMentions,BioBERT,combined,0.65,0.09375,0.90625,491,False,320.0,491.0
MedMentions,BioBERT,combined,0.6,0.09491525423728814,0.9050847457627118,491,False,295.0,491.0
MedMentions,BioBERT,combined,0.55,0.0959409594095941,0.9040590405904059,491,False,271.0,491.0
MedMentions,BioBERT,combined,0.5,0.08943089430894309,0.9105691056910569,491,False,246.0,491.0
MedMentions,BioBERT,combined,0.45,0.09502262443438914,0.9049773755656109,491,False,221.0,491.0
MedMentions,BioBERT,combined,0.4,0.1065989847715736,0.8934010152284264,491,False,197.0,491.0
MedMentions,BioBERT,combined,0.35,0.09883720930232558,0.9011627906976745,491,False,172.0,491.0
MedMentions,BioBERT,combined,0.3,0.0945945945945946,0.9054054054054054,491,False,148.0,491.0
MedMentions,BioBERT,combined,0.25,0.10569105691056911,0.8943089430894309,491,False,123.0,491.0
MedMentions,BioBERT,combined,0.2,0.10101010101010101,0.898989898989899,491,False,99.0,491.0
MedMentions,BioBERT,combined,0.15,0.08108108108108109,0.9189189189189189,491,False,74.0,491.0
MedMentions,BioBERT,combined,0.1,0.08,0.92,491,False,50.0,491.0
MedMentions,BioBERT,combined_3,1.0,0.07128309572301425,0.9287169042769857,491,False,491.0,491.0
MedMentions,BioBERT,combined_3,0.95,0.07494646680942184,0.9250535331905781,491,False,467.0,491.0
MedMentions,BioBERT,combined_3,0.9,0.07918552036199095,0.9208144796380091,491,False,442.0,491.0
MedMentions,BioBERT,combined_3,0.85,0.08373205741626795,0.916267942583732,491,False,418.0,491.0
MedMentions,BioBERT,combined_3,0.8,0.089058524173028,0.910941475826972,491,False,393.0,491.0
MedMentions,BioBERT,combined_3,0.75,0.0948509485094851,0.9051490514905149,491,False,369.0,491.0
MedMentions,BioBERT,combined_3,0.7,0.10174418604651163,0.8982558139534884,491,False,344.0,491.0
MedMentions,BioBERT,combined_3,0.65,0.10625,0.89375,491,False,320.0,491.0
MedMentions,BioBERT,combined_3,0.6,0.1152542372881356,0.8847457627118644,491,False,295.0,491.0
MedMentions,BioBERT,combined_3,0.55,0.12546125461254612,0.8745387453874539,491,False,271.0,491.0
MedMentions,BioBERT,combined_3,0.5,0.13821138211382114,0.8617886178861789,491,False,246.0,491.0
MedMentions,BioBERT,combined_3,0.45,0.1493212669683258,0.8506787330316742,491,False,221.0,491.0
MedMentions,BioBERT,combined_3,0.4,0.16751269035532995,0.8324873096446701,491,False,197.0,491.0
MedMentions,BioBERT,combined_3,0.35,0.18604651162790697,0.813953488372093,491,False,172.0,491.0
MedMentions,BioBERT,combined_3,0.3,0.20945945945945946,0.7905405405405406,491,False,148.0,491.0
MedMentions,BioBERT,combined_3,0.25,0.24390243902439024,0.7560975609756098,491,False,123.0,491.0
MedMentions,BioBERT,combined_3,0.2,0.2727272727272727,0.7272727272727273,491,False,99.0,491.0
MedMentions,BioBERT,combined_3,0.15,0.36486486486486486,0.6351351351351351,491,False,74.0,491.0
MedMentions,BioBERT,combined_3,0.1,0.5,0.5,491,False,50.0,491.0
MedMentions,BioBERT,random,1.0,0.07128309572301424,0.9287169042769857,491,False,,
MedMentions,BioBERT,random,0.95,0.07162740899357602,0.928372591006424,491,False,,
MedMentions,BioBERT,random,0.9,0.07217194570135746,0.9278280542986426,491,False,,
MedMentions,BioBERT,random,0.85,0.07200956937799044,0.9279904306220096,491,False,,
MedMentions,BioBERT,random,0.8,0.07251908396946563,0.9274809160305344,491,False,,
MedMentions,BioBERT,random,0.75,0.07168021680216803,0.9283197831978319,491,False,,
MedMentions,BioBERT,random,0.7,0.07194767441860464,0.9280523255813954,491,False,,
MedMentions,BioBERT,random,0.65,0.07234374999999998,0.9276562500000001,491,False,,
MedMentions,BioBERT,random,0.6,0.07322033898305086,0.9267796610169492,491,False,,
MedMentions,BioBERT,random,0.55,0.07380073800738007,0.9261992619926199,491,False,,
MedMentions,BioBERT,random,0.5,0.07642276422764227,0.9235772357723577,491,False,,
MedMentions,BioBERT,random,0.45,0.07805429864253392,0.9219457013574661,491,False,,
MedMentions,BioBERT,random,0.4,0.07791878172588831,0.9220812182741117,491,False,,
MedMentions,BioBERT,random,0.35,0.07674418604651162,0.9232558139534883,491,False,,
MedMentions,BioBERT,random,0.3,0.07263513513513513,0.9273648648648649,491,False,,
MedMentions,BioBERT,random,0.25,0.07560975609756097,0.9243902439024391,491,False,,
MedMentions,BioBERT,random,0.2,0.07777777777777779,0.9222222222222222,491,False,,
MedMentions,BioBERT,random,0.15,0.07635135135135135,0.9236486486486486,491,False,,
MedMentions,BioBERT,random,0.1,0.07400000000000002,0.9259999999999999,491,False,,
MedMentions,PubMedBERT,entropy,1.0,0.032586558044806514,0.9674134419551935,491,False,491.0,491.0
MedMentions,PubMedBERT,entropy,0.95,0.034261241970021415,0.9657387580299786,491,False,467.0,491.0
MedMentions,PubMedBERT,entropy,0.9,0.033936651583710405,0.9660633484162896,491,False,442.0,491.0
MedMentions,PubMedBERT,entropy,0.85,0.03349282296650718,0.9665071770334929,491,False,418.0,491.0
MedMentions,PubMedBERT,entropy,0.8,0.035623409669211195,0.9643765903307888,491,False,393.0,491.0
MedMentions,PubMedBERT,entropy,0.75,0.03523035230352303,0.964769647696477,491,False,369.0,491.0
MedMentions,PubMedBERT,entropy,0.7,0.0377906976744186,0.9622093023255814,491,False,344.0,491.0
MedMentions,PubMedBERT,entropy,0.65,0.034375,0.965625,491,False,320.0,491.0
MedMentions,PubMedBERT,entropy,0.6,0.03728813559322034,0.9627118644067797,491,False,295.0,491.0
MedMentions,PubMedBERT,entropy,0.55,0.03690036900369004,0.96309963099631,491,False,271.0,491.0
MedMentions,PubMedBERT,entropy,0.5,0.032520325203252036,0.967479674796748,491,False,246.0,491.0
MedMentions,PubMedBERT,entropy,0.45,0.03619909502262444,0.9638009049773756,491,False,221.0,491.0
MedMentions,PubMedBERT,entropy,0.4,0.030456852791878174,0.9695431472081218,491,False,197.0,491.0
MedMentions,PubMedBERT,entropy,0.35,0.023255813953488372,0.9767441860465116,491,False,172.0,491.0
MedMentions,PubMedBERT,entropy,0.3,0.02702702702702703,0.972972972972973,491,False,148.0,491.0
MedMentions,PubMedBERT,entropy,0.25,0.008130081300813009,0.991869918699187,491,False,123.0,491.0
MedMentions,PubMedBERT,entropy,0.2,0.010101010101010102,0.98989898989899,491,False,99.0,491.0
MedMentions,PubMedBERT,entropy,0.15,0.013513513513513514,0.9864864864864865,491,False,74.0,491.0
MedMentions,PubMedBERT,entropy,0.1,0.02,0.98,491,False,50.0,491.0
MedMentions,PubMedBERT,confidence,1.0,0.032586558044806514,0.9674134419551935,491,False,491.0,491.0
MedMentions,PubMedBERT,confidence,0.95,0.029978586723768737,0.9700214132762313,491,False,467.0,491.0
MedMentions,PubMedBERT,confidence,0.9,0.029411764705882353,0.9705882352941176,491,False,442.0,491.0
MedMentions,PubMedBERT,confidence,0.85,0.028708133971291867,0.9712918660287081,491,False,418.0,491.0
MedMentions,PubMedBERT,confidence,0.8,0.027989821882951654,0.9720101781170484,491,False,393.0,491.0
MedMentions,PubMedBERT,confidence,0.75,0.02981029810298103,0.9701897018970189,491,False,369.0,491.0
MedMentions,PubMedBERT,confidence,0.7,0.03197674418604651,0.9680232558139534,491,False,344.0,491.0
MedMentions,PubMedBERT,confidence,0.65,0.03125,0.96875,491,False,320.0,491.0
MedMentions,PubMedBERT,confidence,0.6,0.030508474576271188,0.9694915254237289,491,False,295.0,491.0
MedMentions,PubMedBERT,confidence,0.55,0.025830258302583026,0.974169741697417,491,False,271.0,491.0
MedMentions,PubMedBERT,confidence,0.5,0.028455284552845527,0.9715447154471545,491,False,246.0,491.0
MedMentions,PubMedBERT,confidence,0.45,0.02262443438914027,0.9773755656108597,491,False,221.0,491.0
MedMentions,PubMedBERT,confidence,0.4,0.025380710659898477,0.9746192893401016,491,False,197.0,491.0
MedMentions,PubMedBERT,confidence,0.35,0.01744186046511628,0.9825581395348837,491,False,172.0,491.0
MedMentions,PubMedBERT,confidence,0.3,0.02027027027027027,0.9797297297297297,491,False,148.0,491.0
MedMentions,PubMedBERT,confidence,0.25,0.024390243902439025,0.975609756097561,491,False,123.0,491.0
MedMentions,PubMedBERT,confidence,0.2,0.030303030303030304,0.9696969696969697,491,False,99.0,491.0
MedMentions,PubMedBERT,confidence,0.15,0.02702702702702703,0.972972972972973,491,False,74.0,491.0
MedMentions,PubMedBERT,confidence,0.1,0.0,1.0,491,False,50.0,491.0
MedMentions,PubMedBERT,margin,1.0,0.032586558044806514,0.9674134419551935,491,False,491.0,491.0
MedMentions,PubMedBERT,margin,0.95,0.032119914346895075,0.9678800856531049,491,False,467.0,491.0
MedMentions,PubMedBERT,margin,0.9,0.033936651583710405,0.9660633484162896,491,False,442.0,491.0
MedMentions,PubMedBERT,margin,0.85,0.03588516746411483,0.9641148325358851,491,False,418.0,491.0
MedMentions,PubMedBERT,margin,0.8,0.03816793893129771,0.9618320610687023,491,False,393.0,491.0
MedMentions,PubMedBERT,margin,0.75,0.04065040650406504,0.959349593495935,491,False,369.0,491.0
MedMentions,PubMedBERT,margin,0.7,0.0436046511627907,0.9563953488372093,491,False,344.0,491.0
MedMentions,PubMedBERT,margin,0.65,0.046875,0.953125,491,False,320.0,491.0
MedMentions,PubMedBERT,margin,0.6,0.05084745762711865,0.9491525423728814,491,False,295.0,491.0
MedMentions,PubMedBERT,margin,0.55,0.055350553505535055,0.9446494464944649,491,False,271.0,491.0
MedMentions,PubMedBERT,margin,0.5,0.06097560975609756,0.9390243902439024,491,False,246.0,491.0
MedMentions,PubMedBERT,margin,0.45,0.06787330316742081,0.9321266968325792,491,False,221.0,491.0
MedMentions,PubMedBERT,margin,0.4,0.07614213197969544,0.9238578680203046,491,False,197.0,491.0
MedMentions,PubMedBERT,margin,0.35,0.0872093023255814,0.9127906976744186,491,False,172.0,491.0
MedMentions,PubMedBERT,margin,0.3,0.10135135135135136,0.8986486486486487,491,False,148.0,491.0
MedMentions,PubMedBERT,margin,0.25,0.12195121951219512,0.8780487804878049,491,False,123.0,491.0
MedMentions,PubMedBERT,margin,0.2,0.15151515151515152,0.8484848484848485,491,False,99.0,491.0
MedMentions,PubMedBERT,margin,0.15,0.20270270270270271,0.7972972972972973,491,False,74.0,491.0
MedMentions,PubMedBERT,margin,0.1,0.28,0.72,491,False,50.0,491.0
MedMentions,PubMedBERT,combined,1.0,0.032586558044806514,0.9674134419551935,491,False,491.0,491.0
MedMentions,PubMedBERT,combined,0.95,0.034261241970021415,0.9657387580299786,491,False,467.0,491.0
MedMentions,PubMedBERT,combined,0.9,0.033936651583710405,0.9660633484162896,491,False,442.0,491.0
MedMentions,PubMedBERT,combined,0.85,0.03349282296650718,0.9665071770334929,491,False,418.0,491.0
MedMentions,PubMedBERT,combined,0.8,0.035623409669211195,0.9643765903307888,491,False,393.0,491.0
MedMentions,PubMedBERT,combined,0.75,0.03523035230352303,0.964769647696477,491,False,369.0,491.0
MedMentions,PubMedBERT,combined,0.7,0.0377906976744186,0.9622093023255814,491,False,344.0,491.0
MedMentions,PubMedBERT,combined,0.65,0.034375,0.965625,491,False,320.0,491.0
MedMentions,PubMedBERT,combined,0.6,0.03728813559322034,0.9627118644067797,491,False,295.0,491.0
MedMentions,PubMedBERT,combined,0.55,0.03690036900369004,0.96309963099631,491,False,271.0,491.0
MedMentions,PubMedBERT,combined,0.5,0.032520325203252036,0.967479674796748,491,False,246.0,491.0
MedMentions,PubMedBERT,combined,0.45,0.03619909502262444,0.9638009049773756,491,False,221.0,491.0
MedMentions,PubMedBERT,combined,0.4,0.030456852791878174,0.9695431472081218,491,False,197.0,491.0
MedMentions,PubMedBERT,combined,0.35,0.023255813953488372,0.9767441860465116,491,False,172.0,491.0
MedMentions,PubMedBERT,combined,0.3,0.02702702702702703,0.972972972972973,491,False,148.0,491.0
MedMentions,PubMedBERT,combined,0.25,0.008130081300813009,0.991869918699187,491,False,123.0,491.0
MedMentions,PubMedBERT,combined,0.2,0.010101010101010102,0.98989898989899,491,False,99.0,491.0
MedMentions,PubMedBERT,combined,0.15,0.013513513513513514,0.9864864864864865,491,False,74.0,491.0
MedMentions,PubMedBERT,combined,0.1,0.02,0.98,491,False,50.0,491.0
MedMentions,PubMedBERT,combined_3,1.0,0.032586558044806514,0.9674134419551935,491,False,491.0,491.0
MedMentions,PubMedBERT,combined_3,0.95,0.034261241970021415,0.9657387580299786,491,False,467.0,491.0
MedMentions,PubMedBERT,combined_3,0.9,0.03619909502262444,0.9638009049773756,491,False,442.0,491.0
MedMentions,PubMedBERT,combined_3,0.85,0.03827751196172249,0.9617224880382775,491,False,418.0,491.0
MedMentions,PubMedBERT,combined_3,0.8,0.04071246819338423,0.9592875318066157,491,False,393.0,491.0
MedMentions,PubMedBERT,combined_3,0.75,0.04065040650406504,0.959349593495935,491,False,369.0,491.0
MedMentions,PubMedBERT,combined_3,0.7,0.0436046511627907,0.9563953488372093,491,False,344.0,491.0
MedMentions,PubMedBERT,combined_3,0.65,0.046875,0.953125,491,False,320.0,491.0
MedMentions,PubMedBERT,combined_3,0.6,0.05084745762711865,0.9491525423728814,491,False,295.0,491.0
MedMentions,PubMedBERT,combined_3,0.55,0.055350553505535055,0.9446494464944649,491,False,271.0,491.0
MedMentions,PubMedBERT,combined_3,0.5,0.06097560975609756,0.9390243902439024,491,False,246.0,491.0
MedMentions,PubMedBERT,combined_3,0.45,0.06334841628959276,0.9366515837104072,491,False,221.0,491.0
MedMentions,PubMedBERT,combined_3,0.4,0.07106598984771574,0.9289340101522843,491,False,197.0,491.0
MedMentions,PubMedBERT,combined_3,0.35,0.0755813953488372,0.9244186046511628,491,False,172.0,491.0
MedMentions,PubMedBERT,combined_3,0.3,0.08108108108108109,0.9189189189189189,491,False,148.0,491.0
MedMentions,PubMedBERT,combined_3,0.25,0.0975609756097561,0.9024390243902439,491,False,123.0,491.0
MedMentions,PubMedBERT,combined_3,0.2,0.10101010101010101,0.898989898989899,491,False,99.0,491.0
MedMentions,PubMedBERT,combined_3,0.15,0.13513513513513514,0.8648648648648649,491,False,74.0,491.0
MedMentions,PubMedBERT,combined_3,0.1,0.2,0.8,491,False,50.0,491.0
MedMentions,PubMedBERT,random,1.0,0.03258655804480651,0.9674134419551935,491,False,,
MedMentions,PubMedBERT,random,0.95,0.032441113490364035,0.967558886509636,491,False,,
MedMentions,PubMedBERT,random,0.9,0.03303167420814479,0.9669683257918552,491,False,,
MedMentions,PubMedBERT,random,0.85,0.034210526315789476,0.9657894736842105,491,False,,
MedMentions,PubMedBERT,random,0.8,0.03447837150127226,0.9655216284987277,491,False,,
MedMentions,PubMedBERT,random,0.75,0.03414634146341462,0.9658536585365853,491,False,,
MedMentions,PubMedBERT,random,0.7,0.03517441860465116,0.9648255813953488,491,False,,
MedMentions,PubMedBERT,random,0.65,0.0359375,0.9640625,491,False,,
MedMentions,PubMedBERT,random,0.6,0.03593220338983051,0.9640677966101695,491,False,,
MedMentions,PubMedBERT,random,0.55,0.03579335793357934,0.9642066420664207,491,False,,
MedMentions,PubMedBERT,random,0.5,0.034959349593495934,0.9650406504065041,491,False,,
MedMentions,PubMedBERT,random,0.45,0.0334841628959276,0.9665158371040724,491,False,,
MedMentions,PubMedBERT,random,0.4,0.03375634517766497,0.966243654822335,491,False,,
MedMentions,PubMedBERT,random,0.35,0.036046511627906966,0.963953488372093,491,False,,
MedMentions,PubMedBERT,random,0.3,0.03581081081081082,0.9641891891891892,491,False,,
MedMentions,PubMedBERT,random,0.25,0.03373983739837398,0.9662601626016261,491,False,,
MedMentions,PubMedBERT,random,0.2,0.03636363636363636,0.9636363636363636,491,False,,
MedMentions,PubMedBERT,random,0.15,0.03716216216216217,0.9628378378378378,491,False,,
MedMentions,PubMedBERT,random,0.1,0.037000000000000005,0.963,491,False,,
