dataset,model,signal,coverage,selective_accuracy,risk,n,small_n
CADEC,BERT-base,combined,1.0,0.3155759393191039,0.6844240606808961,5669,False
CADEC,BERT-base,combined,0.95,0.3321574452283699,0.6678425547716301,5669,False
CADEC,BERT-base,combined,0.9,0.35057809131883205,0.6494219086811679,5669,False
CADEC,BERT-base,combined,0.85,0.37061631043785015,0.6293836895621499,5669,False
CADEC,BERT-base,combined,0.8,0.39307760141093473,0.6069223985890653,5669,False
CADEC,BERT-base,combined,0.75,0.4172154280338664,0.5827845719661335,5669,False
CADEC,BERT-base,combined,0.7,0.4351221970269589,0.564877802973041,5669,False
CADEC,BERT-base,combined,0.65,0.45210312075983716,0.5478968792401628,5669,False
CADEC,BERT-base,combined,0.6,0.4729570840681952,0.5270429159318049,5669,False
CADEC,BERT-base,combined,0.55,0.4923027581783194,0.5076972418216805,5669,False
CADEC,BERT-base,combined,0.5,0.5259259259259259,0.4740740740740741,5669,False
CADEC,BERT-base,combined,0.45,0.5505485893416928,0.4494514106583072,5669,False
CADEC,BERT-base,combined,0.4,0.550705467372134,0.449294532627866,5669,False
CADEC,BERT-base,combined,0.35,0.5380352644836272,0.46196473551637285,5669,False
CADEC,BERT-base,combined,0.3,0.5902410346854792,0.40975896531452083,5669,False
CADEC,BERT-base,combined,0.25,0.6748942172073342,0.3251057827926658,5669,False
CADEC,BERT-base,combined,0.2,0.7107583774250441,0.2892416225749559,5669,False
CADEC,BERT-base,combined,0.15,0.7473560517038778,0.25264394829612224,5669,False
CADEC,BERT-base,combined,0.1,0.7654320987654321,0.23456790123456794,5669,False
CADEC,BERT-base,combined_3,1.0,0.3155759393191039,0.6844240606808961,5669,False
CADEC,BERT-base,combined_3,0.95,0.3321574452283699,0.6678425547716301,5669,False
CADEC,BERT-base,combined_3,0.9,0.34901038604742307,0.6509896139525769,5669,False
CADEC,BERT-base,combined_3,0.85,0.36812616725461716,0.6318738327453828,5669,False
CADEC,BERT-base,combined_3,0.8,0.3838183421516755,0.6161816578483246,5669,False
CADEC,BERT-base,combined_3,0.75,0.3972248353715898,0.6027751646284102,5669,False
CADEC,BERT-base,combined_3,0.7,0.4126984126984127,0.5873015873015873,5669,False
CADEC,BERT-base,combined_3,0.65,0.4276797829036635,0.5723202170963365,5669,False
CADEC,BERT-base,combined_3,0.6,0.43768371546149326,0.5623162845385068,5669,False
CADEC,BERT-base,combined_3,0.55,0.4342527261064785,0.5657472738935214,5669,False
CADEC,BERT-base,combined_3,0.5,0.43703703703703706,0.5629629629629629,5669,False
CADEC,BERT-base,combined_3,0.45,0.43808777429467083,0.5619122257053292,5669,False
CADEC,BERT-base,combined_3,0.4,0.4444444444444444,0.5555555555555556,5669,False
CADEC,BERT-base,combined_3,0.35,0.4443324937027708,0.5556675062972292,5669,False
CADEC,BERT-base,combined_3,0.3,0.4132863021751911,0.5867136978248089,5669,False
CADEC,BERT-base,combined_3,0.25,0.37729196050775743,0.6227080394922426,5669,False
CADEC,BERT-base,combined_3,0.2,0.3262786596119929,0.6737213403880071,5669,False
CADEC,BERT-base,combined_3,0.15,0.21034077555816685,0.7896592244418331,5669,False
CADEC,BERT-base,combined_3,0.1,0.19223985890652556,0.8077601410934745,5669,False
CADEC,BERT-base,confidence,1.0,0.3155759393191039,0.6844240606808961,5669,False
CADEC,BERT-base,confidence,0.95,0.3321574452283699,0.6678425547716301,5669,False
CADEC,BERT-base,confidence,0.9,0.34901038604742307,0.6509896139525769,5669,False
CADEC,BERT-base,confidence,0.85,0.3641834405478315,0.6358165594521685,5669,False
CADEC,BERT-base,confidence,0.8,0.38602292768959434,0.6139770723104057,5669,False
CADEC,BERT-base,confidence,0.75,0.409689557855127,0.590310442144873,5669,False
CADEC,BERT-base,confidence,0.7,0.4200050390526581,0.5799949609473418,5669,False
CADEC,BERT-base,confidence,0.65,0.4371777476255088,0.5628222523744912,5669,False
CADEC,BERT-base,confidence,0.6,0.45091122868900646,0.5490887713109935,5669,False
CADEC,BERT-base,confidence,0.55,0.4573444515715202,0.5426555484284799,5669,False
CADEC,BERT-base,confidence,0.5,0.454673721340388,0.545326278659612,5669,False
CADEC,BERT-base,confidence,0.45,0.4827586206896552,0.5172413793103448,5669,False
CADEC,BERT-base,confidence,0.4,0.5238095238095238,0.47619047619047616,5669,False
CADEC,BERT-base,confidence,0.35,0.581360201511335,0.41863979848866495,5669,False
CADEC,BERT-base,confidence,0.3,0.6566725455614344,0.3433274544385656,5669,False
CADEC,BERT-base,confidence,0.25,0.6622002820874471,0.3377997179125529,5669,False
CADEC,BERT-base,confidence,0.2,0.7028218694885362,0.2971781305114638,5669,False
CADEC,BERT-base,confidence,0.15,0.7356051703877791,0.26439482961222094,5669,False
CADEC,BERT-base,confidence,0.1,0.7601410934744268,0.23985890652557318,5669,False
CADEC,BERT-base,entropy,1.0,0.3155759393191039,0.6844240606808961,5669,False
CADEC,BERT-base,entropy,0.95,0.3321574452283699,0.6678425547716301,5669,False
CADEC,BERT-base,entropy,0.9,0.35057809131883205,0.6494219086811679,5669,False
CADEC,BERT-base,entropy,0.85,0.37061631043785015,0.6293836895621499,5669,False
CADEC,BERT-base,entropy,0.8,0.39307760141093473,0.6069223985890653,5669,False
CADEC,BERT-base,entropy,0.75,0.41415804327375355,0.5858419567262465,5669,False
CADEC,BERT-base,entropy,0.7,0.43386243386243384,0.5661375661375662,5669,False
CADEC,BERT-base,entropy,0.65,0.4507462686567164,0.5492537313432836,5669,False
CADEC,BERT-base,entropy,0.6,0.47001763668430335,0.5299823633156966,5669,False
CADEC,BERT-base,entropy,0.55,0.4903784477228993,0.5096215522771007,5669,False
CADEC,BERT-base,entropy,0.5,0.5047619047619047,0.49523809523809526,5669,False
CADEC,BERT-base,entropy,0.45,0.5058777429467085,0.4941222570532915,5669,False
CADEC,BERT-base,entropy,0.4,0.5074955908289241,0.49250440917107585,5669,False
CADEC,BERT-base,entropy,0.35,0.507808564231738,0.49219143576826196,5669,False
CADEC,BERT-base,entropy,0.3,0.5079365079365079,0.4920634920634921,5669,False
CADEC,BERT-base,entropy,0.25,0.5169252468265162,0.4830747531734838,5669,False
CADEC,BERT-base,entropy,0.2,0.5079365079365079,0.4920634920634921,5669,False
CADEC,BERT-base,entropy,0.15,0.4982373678025852,0.5017626321974148,5669,False
CADEC,BERT-base,entropy,0.1,0.49559082892416223,0.5044091710758378,5669,False
CADEC,BERT-base,margin,1.0,0.3155759393191039,0.6844240606808961,5669,False
CADEC,BERT-base,margin,0.95,0.298923134051244,0.7010768659487561,5669,False
CADEC,BERT-base,margin,0.9,0.2757201646090535,0.7242798353909465,5669,False
CADEC,BERT-base,margin,0.85,0.24922183025523967,0.7507781697447603,5669,False
CADEC,BERT-base,margin,0.8,0.23721340388007053,0.7627865961199295,5669,False
CADEC,BERT-base,margin,0.75,0.229068673565381,0.770931326434619,5669,False
CADEC,BERT-base,margin,0.7,0.20634920634920634,0.7936507936507937,5669,False
CADEC,BERT-base,margin,0.65,0.19240162822252374,0.8075983717774763,5669,False
CADEC,BERT-base,margin,0.6,0.1796002351557907,0.8203997648442093,5669,False
CADEC,BERT-base,margin,0.55,0.14881334188582424,0.8511866581141758,5669,False
CADEC,BERT-base,margin,0.5,0.12028218694885362,0.8797178130511464,5669,False
CADEC,BERT-base,margin,0.45,0.10188087774294671,0.8981191222570533,5669,False
CADEC,BERT-base,margin,0.4,0.08245149911816578,0.9175485008818343,5669,False
CADEC,BERT-base,margin,0.35,0.0690176322418136,0.9309823677581864,5669,False
CADEC,BERT-base,margin,0.3,0.058788947677836566,0.9412110523221634,5669,False
CADEC,BERT-base,margin,0.25,0.047954866008462625,0.9520451339915373,5669,False
CADEC,BERT-base,margin,0.2,0.05202821869488536,0.9479717813051146,5669,False
CADEC,BERT-base,margin,0.15,0.06933019976498238,0.9306698002350177,5669,False
CADEC,BERT-base,margin,0.1,0.054673721340388004,0.9453262786596119,5669,False
CADEC,BERT-base,random,1.0,0.31557593931910394,0.684424060680896,5669,False
CADEC,BERT-base,random,0.95,0.3154845896769402,0.6845154103230597,5669,False
CADEC,BERT-base,random,0.9,0.31518714481677446,0.6848128551832255,5669,False
CADEC,BERT-base,random,0.85,0.31552189250881923,0.6844781074911808,5669,False
CADEC,BERT-base,random,0.8,0.3148589065255732,0.6851410934744269,5669,False
CADEC,BERT-base,random,0.75,0.31536923800564437,0.6846307619943557,5669,False
CADEC,BERT-base,random,0.7,0.31485260770975054,0.6851473922902495,5669,False
CADEC,BERT-base,random,0.65,0.3142876526458616,0.6857123473541384,5669,False
CADEC,BERT-base,random,0.6,0.31449147560258667,0.6855085243974133,5669,False
CADEC,BERT-base,random,0.55,0.31407953816549067,0.6859204618345094,5669,False
CADEC,BERT-base,random,0.5,0.31440917107583777,0.6855908289241622,5669,False
CADEC,BERT-base,random,0.45,0.3144200626959247,0.6855799373040753,5669,False
CADEC,BERT-base,random,0.4,0.3147486772486773,0.6852513227513227,5669,False
CADEC,BERT-base,random,0.35,0.3154408060453401,0.6845591939546599,5669,False
CADEC,BERT-base,random,0.3,0.3146384479717813,0.6853615520282187,5669,False
CADEC,BERT-base,random,0.25,0.3141396332863188,0.6858603667136812,5669,False
CADEC,BERT-base,random,0.2,0.3131393298059965,0.6868606701940034,5669,False
CADEC,BERT-base,random,0.15,0.3105757931844889,0.6894242068155111,5669,False
CADEC,BERT-base,random,0.1,0.3109347442680776,0.6890652557319223,5669,False
CADEC,BioBERT,combined,1.0,0.4103016405009702,0.5896983594990298,5669,False
CADEC,BioBERT,combined,0.95,0.43167471221685855,0.5683252877831415,5669,False
CADEC,BioBERT,combined,0.9,0.4552224181853812,0.5447775818146188,5669,False
CADEC,BioBERT,combined,0.85,0.4810126582278481,0.5189873417721519,5669,False
CADEC,BioBERT,combined,0.8,0.5105820105820106,0.4894179894179894,5669,False
CADEC,BioBERT,combined,0.75,0.5411571025399812,0.45884289746001883,5669,False
CADEC,BioBERT,combined,0.7,0.5731922398589065,0.42680776014109345,5669,False
CADEC,BioBERT,combined,0.65,0.6127544097693352,0.38724559023066485,5669,False
CADEC,BioBERT,combined,0.6,0.6504997060552616,0.34950029394473836,5669,False
CADEC,BioBERT,combined,0.55,0.6972418216805645,0.3027581783194355,5669,False
CADEC,BioBERT,combined,0.5,0.7171075837742504,0.28289241622574957,5669,False
CADEC,BioBERT,combined,0.45,0.7370689655172413,0.2629310344827587,5669,False
CADEC,BioBERT,combined,0.4,0.75,0.25,5669,False
CADEC,BioBERT,combined,0.35,0.744080604534005,0.25591939546599496,5669,False
CADEC,BioBERT,combined,0.3,0.7489711934156379,0.2510288065843621,5669,False
CADEC,BioBERT,combined,0.25,0.7440056417489421,0.2559943582510579,5669,False
CADEC,BioBERT,combined,0.2,0.7522045855379189,0.2477954144620811,5669,False
CADEC,BioBERT,combined,0.15,0.7602820211515864,0.23971797884841362,5669,False
CADEC,BioBERT,combined,0.1,0.7619047619047619,0.23809523809523814,5669,False
CADEC,BioBERT,combined_3,1.0,0.4103016405009702,0.5896983594990298,5669,False
CADEC,BioBERT,combined_3,0.95,0.4313033791310806,0.5686966208689195,5669,False
CADEC,BioBERT,combined_3,0.9,0.45443856554967665,0.5455614344503233,5669,False
CADEC,BioBERT,combined_3,0.85,0.47395725254202115,0.5260427474579789,5669,False
CADEC,BioBERT,combined_3,0.8,0.5,0.5,5669,False
CADEC,BioBERT,combined_3,0.75,0.5214016933207902,0.4785983066792098,5669,False
CADEC,BioBERT,combined_3,0.7,0.5487528344671202,0.4512471655328798,5669,False
CADEC,BioBERT,combined_3,0.65,0.5761194029850746,0.4238805970149254,5669,False
CADEC,BioBERT,combined_3,0.6,0.5881834215167548,0.41181657848324515,5669,False
CADEC,BioBERT,combined_3,0.55,0.6100064143681847,0.3899935856318153,5669,False
CADEC,BioBERT,combined_3,0.5,0.6317460317460317,0.3682539682539683,5669,False
CADEC,BioBERT,combined_3,0.45,0.6445924764890282,0.3554075235109718,5669,False
CADEC,BioBERT,combined_3,0.4,0.6631393298059964,0.33686067019400356,5669,False
CADEC,BioBERT,combined_3,0.35,0.6906801007556675,0.30931989924433245,5669,False
CADEC,BioBERT,combined_3,0.3,0.6649029982363316,0.3350970017636684,5669,False
CADEC,BioBERT,combined_3,0.25,0.6805359661495064,0.3194640338504936,5669,False
CADEC,BioBERT,combined_3,0.2,0.6798941798941799,0.3201058201058201,5669,False
CADEC,BioBERT,combined_3,0.15,0.6721504112808461,0.32784958871915393,5669,False
CADEC,BioBERT,combined_3,0.1,0.6613756613756614,0.3386243386243386,5669,False
CADEC,BioBERT,confidence,1.0,0.4103016405009702,0.5896983594990298,5669,False
CADEC,BioBERT,confidence,0.95,0.43167471221685855,0.5683252877831415,5669,False
CADEC,BioBERT,confidence,0.9,0.4536547129139722,0.5463452870860278,5669,False
CADEC,BioBERT,confidence,0.85,0.4741647644739573,0.5258352355260427,5669,False
CADEC,BioBERT,confidence,0.8,0.5004409171075838,0.49955908289241624,5669,False
CADEC,BioBERT,confidence,0.75,0.5246942615239887,0.4753057384760113,5669,False
CADEC,BioBERT,confidence,0.7,0.5512723607961704,0.44872763920382963,5669,False
CADEC,BioBERT,confidence,0.65,0.5649932157394844,0.43500678426051564,5669,False
CADEC,BioBERT,confidence,0.6,0.5958259847148736,0.4041740152851264,5669,False
CADEC,BioBERT,confidence,0.55,0.6234765875561257,0.37652341244387433,5669,False
CADEC,BioBERT,confidence,0.5,0.6440917107583775,0.35590828924162254,5669,False
CADEC,BioBERT,confidence,0.45,0.6606583072100314,0.3393416927899686,5669,False
CADEC,BioBERT,confidence,0.4,0.667989417989418,0.332010582010582,5669,False
CADEC,BioBERT,confidence,0.35,0.6921914357682619,0.3078085642317381,5669,False
CADEC,BioBERT,confidence,0.3,0.7019400352733686,0.29805996472663143,5669,False
CADEC,BioBERT,confidence,0.25,0.7108603667136812,0.28913963328631875,5669,False
CADEC,BioBERT,confidence,0.2,0.7231040564373897,0.27689594356261027,5669,False
CADEC,BioBERT,confidence,0.15,0.736780258519389,0.263219741480611,5669,False
CADEC,BioBERT,confidence,0.1,0.7548500881834215,0.24514991181657853,5669,False
CADEC,BioBERT,entropy,1.0,0.4103016405009702,0.5896983594990298,5669,False
CADEC,BioBERT,entropy,0.95,0.43167471221685855,0.5683252877831415,5669,False
CADEC,BioBERT,entropy,0.9,0.4554183813443073,0.5445816186556927,5669,False
CADEC,BioBERT,entropy,0.85,0.4810126582278481,0.5189873417721519,5669,False
CADEC,BioBERT,entropy,0.8,0.5105820105820106,0.4894179894179894,5669,False
CADEC,BioBERT,entropy,0.75,0.5395108184383819,0.4604891815616181,5669,False
CADEC,BioBERT,entropy,0.7,0.5731922398589065,0.42680776014109345,5669,False
CADEC,BioBERT,entropy,0.65,0.6108548168249661,0.3891451831750339,5669,False
CADEC,BioBERT,entropy,0.6,0.647854203409759,0.35214579659024103,5669,False
CADEC,BioBERT,entropy,0.55,0.6475304682488775,0.3524695317511225,5669,False
CADEC,BioBERT,entropy,0.5,0.6529100529100529,0.3470899470899471,5669,False
CADEC,BioBERT,entropy,0.45,0.6547805642633229,0.3452194357366771,5669,False
CADEC,BioBERT,entropy,0.4,0.6556437389770723,0.3443562610229277,5669,False
CADEC,BioBERT,entropy,0.35,0.6619647355163728,0.3380352644836272,5669,False
CADEC,BioBERT,entropy,0.3,0.6690182245737801,0.33098177542621987,5669,False
CADEC,BioBERT,entropy,0.25,0.6791255289139634,0.3208744710860366,5669,False
CADEC,BioBERT,entropy,0.2,0.671957671957672,0.328042328042328,5669,False
CADEC,BioBERT,entropy,0.15,0.6839012925969448,0.31609870740305523,5669,False
CADEC,BioBERT,entropy,0.1,0.691358024691358,0.308641975308642,5669,False
CADEC,BioBERT,margin,1.0,0.4103016405009702,0.5896983594990298,5669,False
CADEC,BioBERT,margin,0.95,0.39974006683995544,0.6002599331600446,5669,False
CADEC,BioBERT,margin,0.9,0.38879090730942584,0.6112090926905742,5669,False
CADEC,BioBERT,margin,0.85,0.36335339282008716,0.6366466071799128,5669,False
CADEC,BioBERT,margin,0.8,0.34942680776014107,0.650573192239859,5669,False
CADEC,BioBERT,margin,0.75,0.3379586077140169,0.6620413922859831,5669,False
CADEC,BioBERT,margin,0.7,0.32829428067523303,0.671705719324767,5669,False
CADEC,BioBERT,margin,0.65,0.3137042062415197,0.6862957937584804,5669,False
CADEC,BioBERT,margin,0.6,0.31040564373897706,0.689594356261023,5669,False
CADEC,BioBERT,margin,0.55,0.3033996151379089,0.6966003848620911,5669,False
CADEC,BioBERT,margin,0.5,0.2874779541446208,0.7125220458553791,5669,False
CADEC,BioBERT,margin,0.45,0.2672413793103448,0.7327586206896552,5669,False
CADEC,BioBERT,margin,0.4,0.24691358024691357,0.7530864197530864,5669,False
CADEC,BioBERT,margin,0.35,0.23476070528967255,0.7652392947103275,5669,False
CADEC,BioBERT,margin,0.3,0.21281599059376838,0.7871840094062317,5669,False
CADEC,BioBERT,margin,0.25,0.191114245416079,0.808885754583921,5669,False
CADEC,BioBERT,margin,0.2,0.1657848324514991,0.8342151675485009,5669,False
CADEC,BioBERT,margin,0.15,0.14336075205640422,0.8566392479435958,5669,False
CADEC,BioBERT,margin,0.1,0.12522045855379188,0.8747795414462081,5669,False
CADEC,BioBERT,random,1.0,0.4103016405009702,0.5896983594990298,5669,False
CADEC,BioBERT,random,0.95,0.40990531006312664,0.5900946899368733,5669,False
CADEC,BioBERT,random,0.9,0.4101116990005879,0.589888300999412,5669,False
CADEC,BioBERT,random,0.85,0.4097738119941897,0.5902261880058103,5669,False
CADEC,BioBERT,random,0.8,0.41000881834215164,0.5899911816578484,5669,False
CADEC,BioBERT,random,0.75,0.4105244590780809,0.5894755409219191,5669,False
CADEC,BioBERT,random,0.7,0.41155202821869485,0.5884479717813051,5669,False
CADEC,BioBERT,random,0.65,0.4114925373134328,0.5885074626865672,5669,False
CADEC,BioBERT,random,0.6,0.4118900646678424,0.5881099353321576,5669,False
CADEC,BioBERT,random,0.55,0.4118826170622194,0.5881173829377806,5669,False
CADEC,BioBERT,random,0.5,0.411957671957672,0.5880423280423279,5669,False
CADEC,BioBERT,random,0.45,0.4121277429467085,0.5878722570532915,5669,False
CADEC,BioBERT,random,0.4,0.4115079365079365,0.5884920634920635,5669,False
CADEC,BioBERT,random,0.35,0.40982367758186394,0.590176322418136,5669,False
CADEC,BioBERT,random,0.3,0.40975896531452083,0.5902410346854792,5669,False
CADEC,BioBERT,random,0.25,0.40944992947813824,0.5905500705218618,5669,False
CADEC,BioBERT,random,0.2,0.41000881834215164,0.5899911816578484,5669,False
CADEC,BioBERT,random,0.15,0.41098707403055224,0.5890129259694478,5669,False
CADEC,BioBERT,random,0.1,0.4127865961199294,0.5872134038800706,5669,False
CADEC,BioMistral-7B,combined,1.0,0.24407917992223402,0.755920820077766,5658,False
CADEC,BioMistral-7B,combined,0.95,0.25297619047619047,0.7470238095238095,5658,False
CADEC,BioMistral-7B,combined,0.9,0.2603573532299234,0.7396426467700765,5658,False
CADEC,BioMistral-7B,combined,0.85,0.2661122661122661,0.7338877338877339,5658,False
CADEC,BioMistral-7B,combined,0.8,0.27236580516898606,0.7276341948310139,5658,False
CADEC,BioMistral-7B,combined,0.75,0.2834590009425071,0.7165409990574929,5658,False
CADEC,BioMistral-7B,combined,0.7,0.2832618025751073,0.7167381974248928,5658,False
CADEC,BioMistral-7B,combined,0.65,0.29064709081022294,0.709352909189777,5658,False
CADEC,BioMistral-7B,combined,0.6,0.2972017673048601,0.7027982326951399,5658,False
CADEC,BioMistral-7B,combined,0.55,0.2991645244215938,0.7008354755784062,5658,False
CADEC,BioMistral-7B,combined,0.5,0.30434782608695654,0.6956521739130435,5658,False
CADEC,BioMistral-7B,combined,0.45,0.31841382018060466,0.6815861798193954,5658,False
CADEC,BioMistral-7B,combined,0.4,0.30697879858657245,0.6930212014134276,5658,False
CADEC,BioMistral-7B,combined,0.35,0.28924785461887936,0.7107521453811206,5658,False
CADEC,BioMistral-7B,combined,0.3,0.29387514723203767,0.7061248527679623,5658,False
CADEC,BioMistral-7B,combined,0.25,0.303886925795053,0.6961130742049471,5658,False
CADEC,BioMistral-7B,combined,0.2,0.3286219081272085,0.6713780918727915,5658,False
CADEC,BioMistral-7B,combined,0.15,0.37691401648998824,0.6230859835100118,5658,False
CADEC,BioMistral-7B,combined,0.1,0.42579505300353354,0.5742049469964665,5658,False
CADEC,BioMistral-7B,combined_3,1.0,0.24407917992223402,0.755920820077766,5658,False
CADEC,BioMistral-7B,combined_3,0.95,0.24758184523809523,0.7524181547619048,5658,False
CADEC,BioMistral-7B,combined_3,0.9,0.2511290005890438,0.7488709994109561,5658,False
CADEC,BioMistral-7B,combined_3,0.85,0.25571725571725573,0.7442827442827442,5658,False
CADEC,BioMistral-7B,combined_3,0.8,0.2591119946984758,0.7408880053015242,5658,False
CADEC,BioMistral-7B,combined_3,0.75,0.2650801131008483,0.7349198868991518,5658,False
CADEC,BioMistral-7B,combined_3,0.7,0.27291088109063366,0.7270891189093663,5658,False
CADEC,BioMistral-7B,combined_3,0.65,0.2759651984774334,0.7240348015225666,5658,False
CADEC,BioMistral-7B,combined_3,0.6,0.28276877761413843,0.7172312223858616,5658,False
CADEC,BioMistral-7B,combined_3,0.55,0.2920951156812339,0.7079048843187661,5658,False
CADEC,BioMistral-7B,combined_3,0.5,0.2926829268292683,0.7073170731707317,5658,False
CADEC,BioMistral-7B,combined_3,0.45,0.3050647820965842,0.6949352179034158,5658,False
CADEC,BioMistral-7B,combined_3,0.4,0.30653710247349825,0.6934628975265018,5658,False
CADEC,BioMistral-7B,combined_3,0.35,0.314992428066633,0.685007571933367,5658,False
CADEC,BioMistral-7B,combined_3,0.3,0.32273262661955243,0.6772673733804475,5658,False
CADEC,BioMistral-7B,combined_3,0.25,0.32720848056537105,0.672791519434629,5658,False
CADEC,BioMistral-7B,combined_3,0.2,0.3295053003533569,0.6704946996466431,5658,False
CADEC,BioMistral-7B,combined_3,0.15,0.3474676089517079,0.6525323910482921,5658,False
CADEC,BioMistral-7B,combined_3,0.1,0.35159010600706714,0.6484098939929328,5658,False
CADEC,BioMistral-7B,confidence,1.0,0.24407917992223402,0.755920820077766,5658,False
CADEC,BioMistral-7B,confidence,0.95,0.24386160714285715,0.7561383928571428,5658,False
CADEC,BioMistral-7B,confidence,0.9,0.24327508344786963,0.7567249165521304,5658,False
CADEC,BioMistral-7B,confidence,0.85,0.24282744282744284,0.7571725571725572,5658,False
CADEC,BioMistral-7B,confidence,0.8,0.2379058979456594,0.7620941020543406,5658,False
CADEC,BioMistral-7B,confidence,0.75,0.22879359095193214,0.7712064090480679,5658,False
CADEC,BioMistral-7B,confidence,0.7,0.23201211815198183,0.7679878818480181,5658,False
CADEC,BioMistral-7B,confidence,0.65,0.23436650353452965,0.7656334964654703,5658,False
CADEC,BioMistral-7B,confidence,0.6,0.23917525773195877,0.7608247422680412,5658,False
CADEC,BioMistral-7B,confidence,0.55,0.2442159383033419,0.7557840616966581,5658,False
CADEC,BioMistral-7B,confidence,0.5,0.24991162955107812,0.7500883704489218,5658,False
CADEC,BioMistral-7B,confidence,0.45,0.26580290537887713,0.7341970946211229,5658,False
CADEC,BioMistral-7B,confidence,0.4,0.2871024734982332,0.7128975265017667,5658,False
CADEC,BioMistral-7B,confidence,0.35,0.30843008581524484,0.6915699141847551,5658,False
CADEC,BioMistral-7B,confidence,0.3,0.3309776207302709,0.6690223792697291,5658,False
CADEC,BioMistral-7B,confidence,0.25,0.3660777385159011,0.6339222614840989,5658,False
CADEC,BioMistral-7B,confidence,0.2,0.4107773851590106,0.5892226148409894,5658,False
CADEC,BioMistral-7B,confidence,0.15,0.48881036513545345,0.5111896348645466,5658,False
CADEC,BioMistral-7B,confidence,0.1,0.6201413427561837,0.3798586572438163,5658,False
CADEC,BioMistral-7B,entropy,1.0,0.24407917992223402,0.755920820077766,5658,False
CADEC,BioMistral-7B,entropy,0.95,0.2513020833333333,0.7486979166666667,5658,False
CADEC,BioMistral-7B,entropy,0.9,0.2593756135872767,0.7406243864127233,5658,False
CADEC,BioMistral-7B,entropy,0.85,0.2661122661122661,0.7338877338877339,5658,False
CADEC,BioMistral-7B,entropy,0.8,0.27192401148663575,0.7280759885133643,5658,False
CADEC,BioMistral-7B,entropy,0.75,0.2766258246936852,0.7233741753063148,5658,False
CADEC,BioMistral-7B,entropy,0.7,0.28174703357737946,0.7182529664226205,5658,False
CADEC,BioMistral-7B,entropy,0.65,0.2903752039151713,0.7096247960848288,5658,False
CADEC,BioMistral-7B,entropy,0.6,0.29455081001472755,0.7054491899852724,5658,False
CADEC,BioMistral-7B,entropy,0.55,0.301413881748072,0.698586118251928,5658,False
CADEC,BioMistral-7B,entropy,0.5,0.30470130788264405,0.695298692117356,5658,False
CADEC,BioMistral-7B,entropy,0.45,0.3121319199057715,0.6878680800942285,5658,False
CADEC,BioMistral-7B,entropy,0.4,0.3131625441696113,0.6868374558303887,5658,False
CADEC,BioMistral-7B,entropy,0.35,0.31953558808682486,0.6804644119131751,5658,False
CADEC,BioMistral-7B,entropy,0.3,0.3215547703180212,0.6784452296819787,5658,False
CADEC,BioMistral-7B,entropy,0.25,0.34063604240282686,0.6593639575971731,5658,False
CADEC,BioMistral-7B,entropy,0.2,0.3392226148409894,0.6607773851590106,5658,False
CADEC,BioMistral-7B,entropy,0.15,0.3415783274440518,0.6584216725559482,5658,False
CADEC,BioMistral-7B,entropy,0.1,0.36042402826855124,0.6395759717314488,5658,False
CADEC,BioMistral-7B,margin,1.0,0.24407917992223402,0.755920820077766,5658,False
CADEC,BioMistral-7B,margin,0.95,0.24107142857142858,0.7589285714285714,5658,False
CADEC,BioMistral-7B,margin,0.9,0.24091890830551738,0.7590810916944826,5658,False
CADEC,BioMistral-7B,margin,0.85,0.24345114345114346,0.7565488565488565,5658,False
CADEC,BioMistral-7B,margin,0.8,0.2460790810691407,0.7539209189308593,5658,False
CADEC,BioMistral-7B,margin,0.75,0.2434024505183789,0.7565975494816211,5658,False
CADEC,BioMistral-7B,margin,0.7,0.24185811663721282,0.7581418833627872,5658,False
CADEC,BioMistral-7B,margin,0.65,0.2411636759108211,0.7588363240891789,5658,False
CADEC,BioMistral-7B,margin,0.6,0.2418262150220913,0.7581737849779087,5658,False
CADEC,BioMistral-7B,margin,0.55,0.24293059125964012,0.7570694087403599,5658,False
CADEC,BioMistral-7B,margin,0.5,0.24460940261576528,0.7553905973842348,5658,False
CADEC,BioMistral-7B,margin,0.45,0.24734982332155478,0.7526501766784452,5658,False
CADEC,BioMistral-7B,margin,0.4,0.24514134275618374,0.7548586572438163,5658,False
CADEC,BioMistral-7B,margin,0.35,0.24381625441696114,0.7561837455830389,5658,False
CADEC,BioMistral-7B,margin,0.3,0.24676089517078917,0.7532391048292109,5658,False
CADEC,BioMistral-7B,margin,0.25,0.24876325088339224,0.7512367491166078,5658,False
CADEC,BioMistral-7B,margin,0.2,0.24911660777385158,0.7508833922261484,5658,False
CADEC,BioMistral-7B,margin,0.15,0.23439340400471143,0.7656065959952886,5658,False
CADEC,BioMistral-7B,margin,0.1,0.22968197879858657,0.7703180212014135,5658,False
CADEC,BioMistral-7B,random,1.0,0.244079179922234,0.7559208200777661,5658,False
CADEC,BioMistral-7B,random,0.95,0.24443824404761907,0.755561755952381,5658,False
CADEC,BioMistral-7B,random,0.9,0.2438248576477518,0.7561751423522483,5658,False
CADEC,BioMistral-7B,random,0.85,0.24392931392931394,0.7560706860706861,5658,False
CADEC,BioMistral-7B,random,0.8,0.24356085707974376,0.7564391429202563,5658,False
CADEC,BioMistral-7B,random,0.75,0.24331998114985867,0.7566800188501414,5658,False
CADEC,BioMistral-7B,random,0.7,0.2428805857106791,0.757119414289321,5658,False
CADEC,BioMistral-7B,random,0.65,0.24312126155519304,0.756878738444807,5658,False
CADEC,BioMistral-7B,random,0.6,0.2427245949926362,0.7572754050073638,5658,False
CADEC,BioMistral-7B,random,0.55,0.2436535989717224,0.7563464010282777,5658,False
CADEC,BioMistral-7B,random,0.5,0.24300106044538702,0.756998939554613,5658,False
CADEC,BioMistral-7B,random,0.45,0.24216725559481747,0.7578327444051826,5658,False
CADEC,BioMistral-7B,random,0.4,0.2426899293286219,0.7573100706713781,5658,False
CADEC,BioMistral-7B,random,0.35,0.2418727915194346,0.7581272084805654,5658,False
CADEC,BioMistral-7B,random,0.3,0.24125441696113073,0.7587455830388693,5658,False
CADEC,BioMistral-7B,random,0.25,0.23929328621908125,0.7607067137809187,5658,False
CADEC,BioMistral-7B,random,0.2,0.24156360424028267,0.7584363957597173,5658,False
CADEC,BioMistral-7B,random,0.15,0.2418727915194346,0.7581272084805654,5658,False
CADEC,BioMistral-7B,random,0.1,0.2394876325088339,0.7605123674911661,5658,False
CADEC,FLAN-T5-base,combined,1.0,0.20518701482004234,0.7948129851799577,5668,False
CADEC,FLAN-T5-base,combined,0.95,0.21188486536675952,0.7881151346332405,5668,False
CADEC,FLAN-T5-base,combined,0.9,0.2159937279498236,0.7840062720501764,5668,False
CADEC,FLAN-T5-base,combined,0.85,0.21814030718140306,0.7818596928185969,5668,False
CADEC,FLAN-T5-base,combined,0.8,0.22513781697905183,0.7748621830209481,5668,False
CADEC,FLAN-T5-base,combined,0.75,0.22912255939778875,0.7708774406022112,5668,False
CADEC,FLAN-T5-base,combined,0.7,0.2313508064516129,0.7686491935483871,5668,False
CADEC,FLAN-T5-base,combined,0.65,0.2390773405698779,0.7609226594301222,5668,False
CADEC,FLAN-T5-base,combined,0.6,0.24728021170244047,0.7527197882975596,5668,False
CADEC,FLAN-T5-base,combined,0.55,0.25240538806927515,0.7475946119307249,5668,False
CADEC,FLAN-T5-base,combined,0.5,0.26146788990825687,0.7385321100917431,5668,False
CADEC,FLAN-T5-base,combined,0.45,0.26421011368090946,0.7357898863190906,5668,False
CADEC,FLAN-T5-base,combined,0.4,0.26322751322751325,0.7367724867724867,5668,False
CADEC,FLAN-T5-base,combined,0.35,0.2620967741935484,0.7379032258064516,5668,False
CADEC,FLAN-T5-base,combined,0.3,0.26161081716637274,0.7383891828336273,5668,False
CADEC,FLAN-T5-base,combined,0.25,0.25335215243472126,0.7466478475652787,5668,False
CADEC,FLAN-T5-base,combined,0.2,0.26278659611992944,0.7372134038800706,5668,False
CADEC,FLAN-T5-base,combined,0.15,0.29494712103407755,0.7050528789659225,5668,False
CADEC,FLAN-T5-base,combined,0.1,0.328042328042328,0.671957671957672,5668,False
CADEC,FLAN-T5-base,combined_3,1.0,0.20518701482004234,0.7948129851799577,5668,False
CADEC,FLAN-T5-base,combined_3,0.95,0.20984215413184773,0.7901578458681523,5668,False
CADEC,FLAN-T5-base,combined_3,0.9,0.21618972951783613,0.7838102704821639,5668,False
CADEC,FLAN-T5-base,combined_3,0.85,0.22125363221253633,0.7787463677874636,5668,False
CADEC,FLAN-T5-base,combined_3,0.8,0.22756339581036383,0.7724366041896362,5668,False
CADEC,FLAN-T5-base,combined_3,0.75,0.23429781227946367,0.7657021877205363,5668,False
CADEC,FLAN-T5-base,combined_3,0.7,0.23765120967741934,0.7623487903225806,5668,False
CADEC,FLAN-T5-base,combined_3,0.65,0.2417910447761194,0.7582089552238807,5668,False
CADEC,FLAN-T5-base,combined_3,0.6,0.25051455454278154,0.7494854454572184,5668,False
CADEC,FLAN-T5-base,combined_3,0.55,0.2584990378447723,0.7415009621552278,5668,False
CADEC,FLAN-T5-base,combined_3,0.5,0.2642907551164432,0.7357092448835568,5668,False
CADEC,FLAN-T5-base,combined_3,0.45,0.2834182673461388,0.7165817326538613,5668,False
CADEC,FLAN-T5-base,combined_3,0.4,0.2940917107583774,0.7059082892416226,5668,False
CADEC,FLAN-T5-base,combined_3,0.35,0.3004032258064516,0.6995967741935484,5668,False
CADEC,FLAN-T5-base,combined_3,0.3,0.31922398589065254,0.6807760141093475,5668,False
CADEC,FLAN-T5-base,combined_3,0.25,0.3352152434721242,0.6647847565278757,5668,False
CADEC,FLAN-T5-base,combined_3,0.2,0.36243386243386244,0.6375661375661376,5668,False
CADEC,FLAN-T5-base,combined_3,0.15,0.41245593419506466,0.5875440658049353,5668,False
CADEC,FLAN-T5-base,combined_3,0.1,0.42504409171075835,0.5749559082892417,5668,False
CADEC,FLAN-T5-base,confidence,1.0,0.20518701482004234,0.7948129851799577,5668,False
CADEC,FLAN-T5-base,confidence,0.95,0.20724233983286908,0.7927576601671309,5668,False
CADEC,FLAN-T5-base,confidence,0.9,0.20560564484515875,0.7943943551548412,5668,False
CADEC,FLAN-T5-base,confidence,0.85,0.20672478206724781,0.7932752179327522,5668,False
CADEC,FLAN-T5-base,confidence,0.8,0.20661521499448732,0.7933847850055127,5668,False
CADEC,FLAN-T5-base,confidence,0.75,0.208656786638438,0.791343213361562,5668,False
CADEC,FLAN-T5-base,confidence,0.7,0.21018145161290322,0.7898185483870968,5668,False
CADEC,FLAN-T5-base,confidence,0.65,0.2130257801899593,0.7869742198100407,5668,False
CADEC,FLAN-T5-base,confidence,0.6,0.2149367832990297,0.7850632167009703,5668,False
CADEC,FLAN-T5-base,confidence,0.55,0.21648492623476587,0.7835150737652341,5668,False
CADEC,FLAN-T5-base,confidence,0.5,0.21594918842625266,0.7840508115737473,5668,False
CADEC,FLAN-T5-base,confidence,0.45,0.21481771854174833,0.7851822814582516,5668,False
CADEC,FLAN-T5-base,confidence,0.4,0.21340388007054673,0.7865961199294533,5668,False
CADEC,FLAN-T5-base,confidence,0.35,0.23084677419354838,0.7691532258064516,5668,False
CADEC,FLAN-T5-base,confidence,0.3,0.25044091710758376,0.7495590828924162,5668,False
CADEC,FLAN-T5-base,confidence,0.25,0.2646436132674665,0.7353563867325335,5668,False
CADEC,FLAN-T5-base,confidence,0.2,0.291005291005291,0.7089947089947091,5668,False
CADEC,FLAN-T5-base,confidence,0.15,0.33490011750881316,0.6650998824911869,5668,False
CADEC,FLAN-T5-base,confidence,0.1,0.4144620811287478,0.5855379188712522,5668,False
CADEC,FLAN-T5-base,entropy,1.0,0.20518701482004234,0.7948129851799577,5668,False
CADEC,FLAN-T5-base,entropy,0.95,0.21039925719591457,0.7896007428040854,5668,False
CADEC,FLAN-T5-base,entropy,0.9,0.21540572324578597,0.784594276754214,5668,False
CADEC,FLAN-T5-base,entropy,0.85,0.21834786218347862,0.7816521378165213,5668,False
CADEC,FLAN-T5-base,entropy,0.8,0.22425578831312018,0.7757442116868798,5668,False
CADEC,FLAN-T5-base,entropy,0.75,0.22841684309574217,0.7715831569042578,5668,False
CADEC,FLAN-T5-base,entropy,0.7,0.2313508064516129,0.7686491935483871,5668,False
CADEC,FLAN-T5-base,entropy,0.65,0.2407055630936228,0.7592944369063772,5668,False
CADEC,FLAN-T5-base,entropy,0.6,0.24669214936783299,0.753307850632167,5668,False
CADEC,FLAN-T5-base,entropy,0.55,0.25465041693393203,0.7453495830660679,5668,False
CADEC,FLAN-T5-base,entropy,0.5,0.25864502470007056,0.7413549752999294,5668,False
CADEC,FLAN-T5-base,entropy,0.45,0.2618580948647589,0.7381419051352411,5668,False
CADEC,FLAN-T5-base,entropy,0.4,0.2724867724867725,0.7275132275132274,5668,False
CADEC,FLAN-T5-base,entropy,0.35,0.2762096774193548,0.7237903225806452,5668,False
CADEC,FLAN-T5-base,entropy,0.3,0.2857142857142857,0.7142857142857143,5668,False
CADEC,FLAN-T5-base,entropy,0.25,0.28722653493295697,0.712773465067043,5668,False
CADEC,FLAN-T5-base,entropy,0.2,0.2980599647266314,0.7019400352733687,5668,False
CADEC,FLAN-T5-base,entropy,0.15,0.3078730904817861,0.6921269095182139,5668,False
CADEC,FLAN-T5-base,entropy,0.1,0.31922398589065254,0.6807760141093475,5668,False
CADEC,FLAN-T5-base,margin,1.0,0.20518701482004234,0.7948129851799577,5668,False
CADEC,FLAN-T5-base,margin,0.95,0.20817084493964716,0.7918291550603529,5668,False
CADEC,FLAN-T5-base,margin,0.9,0.2142297138377107,0.7857702861622893,5668,False
CADEC,FLAN-T5-base,margin,0.85,0.22063096720630967,0.7793690327936903,5668,False
CADEC,FLAN-T5-base,margin,0.8,0.22910694597574421,0.7708930540242558,5668,False
CADEC,FLAN-T5-base,margin,0.75,0.22959303693248648,0.7704069630675136,5668,False
CADEC,FLAN-T5-base,margin,0.7,0.23311491935483872,0.7668850806451613,5668,False
CADEC,FLAN-T5-base,margin,0.65,0.23310719131614654,0.7668928086838535,5668,False
CADEC,FLAN-T5-base,margin,0.6,0.22993237283152015,0.7700676271684799,5668,False
CADEC,FLAN-T5-base,margin,0.55,0.23444515715202052,0.7655548428479795,5668,False
CADEC,FLAN-T5-base,margin,0.5,0.24064925899788286,0.7593507410021172,5668,False
CADEC,FLAN-T5-base,margin,0.45,0.253234025872207,0.746765974127793,5668,False
CADEC,FLAN-T5-base,margin,0.4,0.2641093474426808,0.7358906525573192,5668,False
CADEC,FLAN-T5-base,margin,0.35,0.2752016129032258,0.7247983870967742,5668,False
CADEC,FLAN-T5-base,margin,0.3,0.27983539094650206,0.7201646090534979,5668,False
CADEC,FLAN-T5-base,margin,0.25,0.2956951305575159,0.704304869442484,5668,False
CADEC,FLAN-T5-base,margin,0.2,0.31305114638447973,0.6869488536155203,5668,False
CADEC,FLAN-T5-base,margin,0.15,0.28672150411280845,0.7132784958871916,5668,False
CADEC,FLAN-T5-base,margin,0.1,0.2804232804232804,0.7195767195767195,5668,False
CADEC,FLAN-T5-base,random,1.0,0.20518701482004237,0.7948129851799577,5668,False
CADEC,FLAN-T5-base,random,0.95,0.20560817084493963,0.7943918291550603,5668,False
CADEC,FLAN-T5-base,random,0.9,0.20538024304194433,0.7946197569580556,5668,False
CADEC,FLAN-T5-base,random,0.85,0.20539643005396427,0.7946035699460358,5668,False
CADEC,FLAN-T5-base,random,0.8,0.20563395810363838,0.7943660418963616,5668,False
CADEC,FLAN-T5-base,random,0.75,0.20546930134086097,0.7945306986591391,5668,False
CADEC,FLAN-T5-base,random,0.7,0.2055821572580645,0.7944178427419355,5668,False
CADEC,FLAN-T5-base,random,0.65,0.20567164179104477,0.7943283582089552,5668,False
CADEC,FLAN-T5-base,random,0.6,0.20577771243751836,0.7942222875624816,5668,False
CADEC,FLAN-T5-base,random,0.55,0.20607761385503526,0.7939223861449647,5668,False
CADEC,FLAN-T5-base,random,0.5,0.20587508821453776,0.7941249117854623,5668,False
CADEC,FLAN-T5-base,random,0.45,0.2059388475107801,0.7940611524892199,5668,False
CADEC,FLAN-T5-base,random,0.4,0.2058862433862434,0.7941137566137566,5668,False
CADEC,FLAN-T5-base,random,0.35,0.2044102822580645,0.7955897177419355,5668,False
CADEC,FLAN-T5-base,random,0.3,0.20358612580834806,0.796413874191652,5668,False
CADEC,FLAN-T5-base,random,0.25,0.20324629498941427,0.7967537050105857,5668,False
CADEC,FLAN-T5-base,random,0.2,0.20401234567901233,0.7959876543209876,5668,False
CADEC,FLAN-T5-base,random,0.15,0.20023501762632195,0.7997649823736781,5668,False
CADEC,FLAN-T5-base,random,0.1,0.20432098765432097,0.7956790123456791,5668,False
CADEC,Llama3-OpenBioLLM-8B,combined,1.0,0.3562231759656652,0.6437768240343348,233,True
CADEC,Llama3-OpenBioLLM-8B,combined,0.95,0.3738738738738739,0.6261261261261262,233,True
CADEC,Llama3-OpenBioLLM-8B,combined,0.9,0.3904761904761905,0.6095238095238096,233,True
CADEC,Llama3-OpenBioLLM-8B,combined,0.85,0.4120603015075377,0.5879396984924623,233,True
CADEC,Llama3-OpenBioLLM-8B,combined,0.8,0.4385026737967914,0.5614973262032086,233,True
CADEC,Llama3-OpenBioLLM-8B,combined,0.75,0.46285714285714286,0.5371428571428571,233,True
CADEC,Llama3-OpenBioLLM-8B,combined,0.7,0.49390243902439024,0.5060975609756098,233,True
CADEC,Llama3-OpenBioLLM-8B,combined,0.65,0.5328947368421053,0.4671052631578947,233,True
CADEC,Llama3-OpenBioLLM-8B,combined,0.6,0.5714285714285714,0.4285714285714286,233,True
CADEC,Llama3-OpenBioLLM-8B,combined,0.55,0.6124031007751938,0.3875968992248062,233,True
CADEC,Llama3-OpenBioLLM-8B,combined,0.5,0.6495726495726496,0.3504273504273504,233,True
CADEC,Llama3-OpenBioLLM-8B,combined,0.45,0.7047619047619048,0.2952380952380952,233,True
CADEC,Llama3-OpenBioLLM-8B,combined,0.4,0.6914893617021277,0.3085106382978723,233,True
CADEC,Llama3-OpenBioLLM-8B,combined,0.35,0.6951219512195121,0.30487804878048785,233,True
CADEC,Llama3-OpenBioLLM-8B,combined,0.3,0.7142857142857143,0.2857142857142857,233,True
CADEC,Llama3-OpenBioLLM-8B,combined,0.25,0.7288135593220338,0.27118644067796616,233,True
CADEC,Llama3-OpenBioLLM-8B,combined,0.2,0.7659574468085106,0.23404255319148937,233,True
CADEC,Llama3-OpenBioLLM-8B,combined,0.15,0.7714285714285715,0.22857142857142854,233,True
CADEC,Llama3-OpenBioLLM-8B,combined,0.1,0.75,0.25,233,True
CADEC,Llama3-OpenBioLLM-8B,combined_3,1.0,0.3562231759656652,0.6437768240343348,233,True
CADEC,Llama3-OpenBioLLM-8B,combined_3,0.95,0.3738738738738739,0.6261261261261262,233,True
CADEC,Llama3-OpenBioLLM-8B,combined_3,0.9,0.3952380952380952,0.6047619047619048,233,True
CADEC,Llama3-OpenBioLLM-8B,combined_3,0.85,0.41708542713567837,0.5829145728643217,233,True
CADEC,Llama3-OpenBioLLM-8B,combined_3,0.8,0.4385026737967914,0.5614973262032086,233,True
CADEC,Llama3-OpenBioLLM-8B,combined_3,0.75,0.4685714285714286,0.5314285714285714,233,True
CADEC,Llama3-OpenBioLLM-8B,combined_3,0.7,0.5,0.5,233,True
CADEC,Llama3-OpenBioLLM-8B,combined_3,0.65,0.5394736842105263,0.4605263157894737,233,True
CADEC,Llama3-OpenBioLLM-8B,combined_3,0.6,0.5785714285714286,0.4214285714285714,233,True
CADEC,Llama3-OpenBioLLM-8B,combined_3,0.55,0.6201550387596899,0.3798449612403101,233,True
CADEC,Llama3-OpenBioLLM-8B,combined_3,0.5,0.6752136752136753,0.32478632478632474,233,True
CADEC,Llama3-OpenBioLLM-8B,combined_3,0.45,0.6952380952380952,0.3047619047619048,233,True
CADEC,Llama3-OpenBioLLM-8B,combined_3,0.4,0.7021276595744681,0.2978723404255319,233,True
CADEC,Llama3-OpenBioLLM-8B,combined_3,0.35,0.7073170731707317,0.29268292682926833,233,True
CADEC,Llama3-OpenBioLLM-8B,combined_3,0.3,0.7142857142857143,0.2857142857142857,233,True
CADEC,Llama3-OpenBioLLM-8B,combined_3,0.25,0.7288135593220338,0.27118644067796616,233,True
CADEC,Llama3-OpenBioLLM-8B,combined_3,0.2,0.7446808510638298,0.25531914893617025,233,True
CADEC,Llama3-OpenBioLLM-8B,combined_3,0.15,0.7428571428571429,0.2571428571428571,233,True
CADEC,Llama3-OpenBioLLM-8B,combined_3,0.1,0.75,0.25,233,True
CADEC,Llama3-OpenBioLLM-8B,confidence,1.0,0.3562231759656652,0.6437768240343348,233,True
CADEC,Llama3-OpenBioLLM-8B,confidence,0.95,0.36936936936936937,0.6306306306306306,233,True
CADEC,Llama3-OpenBioLLM-8B,confidence,0.9,0.38095238095238093,0.6190476190476191,233,True
CADEC,Llama3-OpenBioLLM-8B,confidence,0.85,0.4020100502512563,0.5979899497487438,233,True
CADEC,Llama3-OpenBioLLM-8B,confidence,0.8,0.42245989304812837,0.5775401069518716,233,True
CADEC,Llama3-OpenBioLLM-8B,confidence,0.75,0.4514285714285714,0.5485714285714286,233,True
CADEC,Llama3-OpenBioLLM-8B,confidence,0.7,0.4817073170731707,0.5182926829268293,233,True
CADEC,Llama3-OpenBioLLM-8B,confidence,0.65,0.5197368421052632,0.48026315789473684,233,True
CADEC,Llama3-OpenBioLLM-8B,confidence,0.6,0.5642857142857143,0.4357142857142857,233,True
CADEC,Llama3-OpenBioLLM-8B,confidence,0.55,0.6124031007751938,0.3875968992248062,233,True
CADEC,Llama3-OpenBioLLM-8B,confidence,0.5,0.6752136752136753,0.32478632478632474,233,True
CADEC,Llama3-OpenBioLLM-8B,confidence,0.45,0.6952380952380952,0.3047619047619048,233,True
CADEC,Llama3-OpenBioLLM-8B,confidence,0.4,0.6914893617021277,0.3085106382978723,233,True
CADEC,Llama3-OpenBioLLM-8B,confidence,0.35,0.6951219512195121,0.30487804878048785,233,True
CADEC,Llama3-OpenBioLLM-8B,confidence,0.3,0.7285714285714285,0.27142857142857146,233,True
CADEC,Llama3-OpenBioLLM-8B,confidence,0.25,0.7288135593220338,0.27118644067796616,233,True
CADEC,Llama3-OpenBioLLM-8B,confidence,0.2,0.7872340425531915,0.21276595744680848,233,True
CADEC,Llama3-OpenBioLLM-8B,confidence,0.15,0.7428571428571429,0.2571428571428571,233,True
CADEC,Llama3-OpenBioLLM-8B,confidence,0.1,0.7083333333333334,0.29166666666666663,233,True
CADEC,Llama3-OpenBioLLM-8B,entropy,1.0,0.3562231759656652,0.6437768240343348,233,True
CADEC,Llama3-OpenBioLLM-8B,entropy,0.95,0.36936936936936937,0.6306306306306306,233,True
CADEC,Llama3-OpenBioLLM-8B,entropy,0.9,0.3904761904761905,0.6095238095238096,233,True
CADEC,Llama3-OpenBioLLM-8B,entropy,0.85,0.4120603015075377,0.5879396984924623,233,True
CADEC,Llama3-OpenBioLLM-8B,entropy,0.8,0.4385026737967914,0.5614973262032086,233,True
CADEC,Llama3-OpenBioLLM-8B,entropy,0.75,0.4685714285714286,0.5314285714285714,233,True
CADEC,Llama3-OpenBioLLM-8B,entropy,0.7,0.49390243902439024,0.5060975609756098,233,True
CADEC,Llama3-OpenBioLLM-8B,entropy,0.65,0.5328947368421053,0.4671052631578947,233,True
CADEC,Llama3-OpenBioLLM-8B,entropy,0.6,0.5714285714285714,0.4285714285714286,233,True
CADEC,Llama3-OpenBioLLM-8B,entropy,0.55,0.6046511627906976,0.39534883720930236,233,True
CADEC,Llama3-OpenBioLLM-8B,entropy,0.5,0.6495726495726496,0.3504273504273504,233,True
CADEC,Llama3-OpenBioLLM-8B,entropy,0.45,0.7047619047619048,0.2952380952380952,233,True
CADEC,Llama3-OpenBioLLM-8B,entropy,0.4,0.6914893617021277,0.3085106382978723,233,True
CADEC,Llama3-OpenBioLLM-8B,entropy,0.35,0.6829268292682927,0.31707317073170727,233,True
CADEC,Llama3-OpenBioLLM-8B,entropy,0.3,0.7142857142857143,0.2857142857142857,233,True
CADEC,Llama3-OpenBioLLM-8B,entropy,0.25,0.6949152542372882,0.30508474576271183,233,True
CADEC,Llama3-OpenBioLLM-8B,entropy,0.2,0.723404255319149,0.276595744680851,233,True
CADEC,Llama3-OpenBioLLM-8B,entropy,0.15,0.7142857142857143,0.2857142857142857,233,True
CADEC,Llama3-OpenBioLLM-8B,entropy,0.1,0.7083333333333334,0.29166666666666663,233,True
CADEC,Llama3-OpenBioLLM-8B,margin,1.0,0.3562231759656652,0.6437768240343348,233,True
CADEC,Llama3-OpenBioLLM-8B,margin,0.95,0.36936936936936937,0.6306306306306306,233,True
CADEC,Llama3-OpenBioLLM-8B,margin,0.9,0.3904761904761905,0.6095238095238096,233,True
CADEC,Llama3-OpenBioLLM-8B,margin,0.85,0.4120603015075377,0.5879396984924623,233,True
CADEC,Llama3-OpenBioLLM-8B,margin,0.8,0.4385026737967914,0.5614973262032086,233,True
CADEC,Llama3-OpenBioLLM-8B,margin,0.75,0.46285714285714286,0.5371428571428571,233,True
CADEC,Llama3-OpenBioLLM-8B,margin,0.7,0.47560975609756095,0.524390243902439,233,True
CADEC,Llama3-OpenBioLLM-8B,margin,0.65,0.5,0.5,233,True
CADEC,Llama3-OpenBioLLM-8B,margin,0.6,0.5357142857142857,0.4642857142857143,233,True
CADEC,Llama3-OpenBioLLM-8B,margin,0.55,0.5813953488372093,0.41860465116279066,233,True
CADEC,Llama3-OpenBioLLM-8B,margin,0.5,0.6324786324786325,0.36752136752136755,233,True
CADEC,Llama3-OpenBioLLM-8B,margin,0.45,0.6666666666666666,0.33333333333333337,233,True
CADEC,Llama3-OpenBioLLM-8B,margin,0.4,0.648936170212766,0.35106382978723405,233,True
CADEC,Llama3-OpenBioLLM-8B,margin,0.35,0.6829268292682927,0.31707317073170727,233,True
CADEC,Llama3-OpenBioLLM-8B,margin,0.3,0.6714285714285714,0.3285714285714286,233,True
CADEC,Llama3-OpenBioLLM-8B,margin,0.25,0.6949152542372882,0.30508474576271183,233,True
CADEC,Llama3-OpenBioLLM-8B,margin,0.2,0.7021276595744681,0.2978723404255319,233,True
CADEC,Llama3-OpenBioLLM-8B,margin,0.15,0.6285714285714286,0.37142857142857144,233,True
CADEC,Llama3-OpenBioLLM-8B,margin,0.1,0.625,0.375,233,True
CADEC,Llama3-OpenBioLLM-8B,random,1.0,0.3562231759656652,0.6437768240343348,233,True
CADEC,Llama3-OpenBioLLM-8B,random,0.95,0.35495495495495494,0.6450450450450451,233,True
CADEC,Llama3-OpenBioLLM-8B,random,0.9,0.3526190476190475,0.6473809523809525,233,True
CADEC,Llama3-OpenBioLLM-8B,random,0.85,0.3522613065326633,0.6477386934673367,233,True
CADEC,Llama3-OpenBioLLM-8B,random,0.8,0.35320855614973257,0.6467914438502674,233,True
CADEC,Llama3-OpenBioLLM-8B,random,0.75,0.352,0.648,233,True
CADEC,Llama3-OpenBioLLM-8B,random,0.7,0.34695121951219515,0.6530487804878049,233,True
CADEC,Llama3-OpenBioLLM-8B,random,0.65,0.34638157894736843,0.6536184210526316,233,True
CADEC,Llama3-OpenBioLLM-8B,random,0.6,0.3446428571428571,0.655357142857143,233,True
CADEC,Llama3-OpenBioLLM-8B,random,0.55,0.341860465116279,0.658139534883721,233,True
CADEC,Llama3-OpenBioLLM-8B,random,0.5,0.3431623931623931,0.656837606837607,233,True
CADEC,Llama3-OpenBioLLM-8B,random,0.45,0.3447619047619047,0.6552380952380953,233,True
CADEC,Llama3-OpenBioLLM-8B,random,0.4,0.3478723404255319,0.652127659574468,233,True
CADEC,Llama3-OpenBioLLM-8B,random,0.35,0.3475609756097561,0.6524390243902439,233,True
CADEC,Llama3-OpenBioLLM-8B,random,0.3,0.3471428571428571,0.6528571428571429,233,True
CADEC,Llama3-OpenBioLLM-8B,random,0.25,0.34237288135593225,0.6576271186440678,233,True
CADEC,Llama3-OpenBioLLM-8B,random,0.2,0.3404255319148936,0.6595744680851063,233,True
CADEC,Llama3-OpenBioLLM-8B,random,0.15,0.33714285714285713,0.6628571428571428,233,True
CADEC,Llama3-OpenBioLLM-8B,random,0.1,0.3479166666666666,0.6520833333333333,233,True
CADEC,Meta-Llama-3-8B-Instruct,combined,1.0,0.3652994415559407,0.6347005584440593,5193,False
CADEC,Meta-Llama-3-8B-Instruct,combined,0.95,0.38406972030806646,0.6159302796919335,5193,False
CADEC,Meta-Llama-3-8B-Instruct,combined,0.9,0.4045785194694052,0.5954214805305948,5193,False
CADEC,Meta-Llama-3-8B-Instruct,combined,0.85,0.4271800679501699,0.5728199320498302,5193,False
CADEC,Meta-Llama-3-8B-Instruct,combined,0.8,0.45246690734055356,0.5475330926594464,5193,False
CADEC,Meta-Llama-3-8B-Instruct,combined,0.75,0.48010269576379977,0.5198973042362003,5193,False
CADEC,Meta-Llama-3-8B-Instruct,combined,0.7,0.5071507150715071,0.4928492849284929,5193,False
CADEC,Meta-Llama-3-8B-Instruct,combined,0.65,0.5462085308056872,0.4537914691943128,5193,False
CADEC,Meta-Llama-3-8B-Instruct,combined,0.6,0.5914634146341463,0.4085365853658537,5193,False
CADEC,Meta-Llama-3-8B-Instruct,combined,0.55,0.6307315365768288,0.3692684634231712,5193,False
CADEC,Meta-Llama-3-8B-Instruct,combined,0.5,0.6842510589141317,0.31574894108586826,5193,False
CADEC,Meta-Llama-3-8B-Instruct,combined,0.45,0.725716730851519,0.274283269148481,5193,False
CADEC,Meta-Llama-3-8B-Instruct,combined,0.4,0.7276227141482194,0.27237728585178056,5193,False
CADEC,Meta-Llama-3-8B-Instruct,combined,0.35,0.7255225522552256,0.27447744774477445,5193,False
CADEC,Meta-Llama-3-8B-Instruct,combined,0.3,0.7284980744544287,0.2715019255455713,5193,False
CADEC,Meta-Llama-3-8B-Instruct,combined,0.25,0.7359507313317937,0.2640492686682063,5193,False
CADEC,Meta-Llama-3-8B-Instruct,combined,0.2,0.7439846005774784,0.2560153994225216,5193,False
CADEC,Meta-Llama-3-8B-Instruct,combined,0.15,0.7291399229781772,0.2708600770218228,5193,False
CADEC,Meta-Llama-3-8B-Instruct,combined,0.1,0.7519230769230769,0.24807692307692308,5193,False
CADEC,Meta-Llama-3-8B-Instruct,combined_3,1.0,0.3652994415559407,0.6347005584440593,5193,False
CADEC,Meta-Llama-3-8B-Instruct,combined_3,0.95,0.38406972030806646,0.6159302796919335,5193,False
CADEC,Meta-Llama-3-8B-Instruct,combined_3,0.9,0.40479246897732135,0.5952075310226786,5193,False
CADEC,Meta-Llama-3-8B-Instruct,combined_3,0.85,0.42785956964892413,0.5721404303510759,5193,False
CADEC,Meta-Llama-3-8B-Instruct,combined_3,0.8,0.45391095066185316,0.5460890493381468,5193,False
CADEC,Meta-Llama-3-8B-Instruct,combined_3,0.75,0.4821566110397946,0.5178433889602054,5193,False
CADEC,Meta-Llama-3-8B-Instruct,combined_3,0.7,0.506050605060506,0.49394939493949397,5193,False
CADEC,Meta-Llama-3-8B-Instruct,combined_3,0.65,0.5399881516587678,0.4600118483412322,5193,False
CADEC,Meta-Llama-3-8B-Instruct,combined_3,0.6,0.5834403080872914,0.4165596919127086,5193,False
CADEC,Meta-Llama-3-8B-Instruct,combined_3,0.55,0.6331816590829541,0.3668183409170459,5193,False
CADEC,Meta-Llama-3-8B-Instruct,combined_3,0.5,0.6834809395456296,0.3165190604543704,5193,False
CADEC,Meta-Llama-3-8B-Instruct,combined_3,0.45,0.7270004278990159,0.27299957210098413,5193,False
CADEC,Meta-Llama-3-8B-Instruct,combined_3,0.4,0.7324350336862367,0.26756496631376325,5193,False
CADEC,Meta-Llama-3-8B-Instruct,combined_3,0.35,0.7343234323432343,0.2656765676567657,5193,False
CADEC,Meta-Llama-3-8B-Instruct,combined_3,0.3,0.7362002567394095,0.2637997432605905,5193,False
CADEC,Meta-Llama-3-8B-Instruct,combined_3,0.25,0.7397998460354118,0.2602001539645882,5193,False
CADEC,Meta-Llama-3-8B-Instruct,combined_3,0.2,0.739172281039461,0.260827718960539,5193,False
CADEC,Meta-Llama-3-8B-Instruct,combined_3,0.15,0.7432605905006419,0.25673940949935814,5193,False
CADEC,Meta-Llama-3-8B-Instruct,combined_3,0.1,0.7519230769230769,0.24807692307692308,5193,False
CADEC,Meta-Llama-3-8B-Instruct,confidence,1.0,0.3652994415559407,0.6347005584440593,5193,False
CADEC,Meta-Llama-3-8B-Instruct,confidence,0.95,0.38447507093635996,0.61552492906364,5193,False
CADEC,Meta-Llama-3-8B-Instruct,confidence,0.9,0.405862216516902,0.594137783483098,5193,False
CADEC,Meta-Llama-3-8B-Instruct,confidence,0.85,0.4289920724801812,0.5710079275198188,5193,False
CADEC,Meta-Llama-3-8B-Instruct,confidence,0.8,0.45391095066185316,0.5460890493381468,5193,False
CADEC,Meta-Llama-3-8B-Instruct,confidence,0.75,0.47804878048780486,0.5219512195121951,5193,False
CADEC,Meta-Llama-3-8B-Instruct,confidence,0.7,0.5046754675467546,0.49532453245324537,5193,False
CADEC,Meta-Llama-3-8B-Instruct,confidence,0.65,0.5399881516587678,0.4600118483412322,5193,False
CADEC,Meta-Llama-3-8B-Instruct,confidence,0.6,0.5840821566110398,0.4159178433889602,5193,False
CADEC,Meta-Llama-3-8B-Instruct,confidence,0.55,0.6356317815890794,0.3643682184109206,5193,False
CADEC,Meta-Llama-3-8B-Instruct,confidence,0.5,0.6934924913361571,0.3065075086638429,5193,False
CADEC,Meta-Llama-3-8B-Instruct,confidence,0.45,0.730423620025674,0.26957637997432604,5193,False
CADEC,Meta-Llama-3-8B-Instruct,confidence,0.4,0.7290664100096247,0.2709335899903753,5193,False
CADEC,Meta-Llama-3-8B-Instruct,confidence,0.35,0.7282728272827282,0.27172717271727176,5193,False
CADEC,Meta-Llama-3-8B-Instruct,confidence,0.3,0.7317073170731707,0.2682926829268293,5193,False
CADEC,Meta-Llama-3-8B-Instruct,confidence,0.25,0.737490377213241,0.26250962278675904,5193,False
CADEC,Meta-Llama-3-8B-Instruct,confidence,0.2,0.7487969201154957,0.2512030798845043,5193,False
CADEC,Meta-Llama-3-8B-Instruct,confidence,0.15,0.7355584082156611,0.2644415917843389,5193,False
CADEC,Meta-Llama-3-8B-Instruct,confidence,0.1,0.7519230769230769,0.24807692307692308,5193,False
CADEC,Meta-Llama-3-8B-Instruct,entropy,1.0,0.3652994415559407,0.6347005584440593,5193,False
CADEC,Meta-Llama-3-8B-Instruct,entropy,0.95,0.38406972030806646,0.6159302796919335,5193,False
CADEC,Meta-Llama-3-8B-Instruct,entropy,0.9,0.40436456996148906,0.5956354300385109,5193,False
CADEC,Meta-Llama-3-8B-Instruct,entropy,0.85,0.4274065685164213,0.5725934314835788,5193,False
CADEC,Meta-Llama-3-8B-Instruct,entropy,0.8,0.45246690734055356,0.5475330926594464,5193,False
CADEC,Meta-Llama-3-8B-Instruct,entropy,0.75,0.47933247753530167,0.5206675224646984,5193,False
CADEC,Meta-Llama-3-8B-Instruct,entropy,0.7,0.5044004400440044,0.4955995599559956,5193,False
CADEC,Meta-Llama-3-8B-Instruct,entropy,0.65,0.505627962085308,0.494372037914692,5193,False
CADEC,Meta-Llama-3-8B-Instruct,entropy,0.6,0.5128369704749679,0.4871630295250321,5193,False
CADEC,Meta-Llama-3-8B-Instruct,entropy,0.55,0.5190759537976899,0.4809240462023101,5193,False
CADEC,Meta-Llama-3-8B-Instruct,entropy,0.5,0.5213708124759338,0.47862918752406625,5193,False
CADEC,Meta-Llama-3-8B-Instruct,entropy,0.45,0.5280273855370132,0.4719726144629868,5193,False
CADEC,Meta-Llama-3-8B-Instruct,entropy,0.4,0.5264677574590952,0.47353224254090476,5193,False
CADEC,Meta-Llama-3-8B-Instruct,entropy,0.35,0.5346534653465347,0.4653465346534653,5193,False
CADEC,Meta-Llama-3-8B-Instruct,entropy,0.3,0.5353016688061617,0.4646983311938383,5193,False
CADEC,Meta-Llama-3-8B-Instruct,entropy,0.25,0.5250192455735181,0.4749807544264819,5193,False
CADEC,Meta-Llama-3-8B-Instruct,entropy,0.2,0.5293551491819056,0.4706448508180944,5193,False
CADEC,Meta-Llama-3-8B-Instruct,entropy,0.15,0.5301668806161746,0.46983311938382544,5193,False
CADEC,Meta-Llama-3-8B-Instruct,entropy,0.1,0.5384615384615384,0.46153846153846156,5193,False
CADEC,Meta-Llama-3-8B-Instruct,margin,1.0,0.3652994415559407,0.6347005584440593,5193,False
CADEC,Meta-Llama-3-8B-Instruct,margin,0.95,0.3727199027158492,0.6272800972841508,5193,False
CADEC,Meta-Llama-3-8B-Instruct,margin,0.9,0.3910997004706889,0.6089002995293111,5193,False
CADEC,Meta-Llama-3-8B-Instruct,margin,0.85,0.41313703284258213,0.5868629671574179,5193,False
CADEC,Meta-Llama-3-8B-Instruct,margin,0.8,0.4375451263537906,0.5624548736462094,5193,False
CADEC,Meta-Llama-3-8B-Instruct,margin,0.75,0.46572528883183567,0.5342747111681643,5193,False
CADEC,Meta-Llama-3-8B-Instruct,margin,0.7,0.49834983498349833,0.5016501650165017,5193,False
CADEC,Meta-Llama-3-8B-Instruct,margin,0.65,0.5355450236966824,0.46445497630331756,5193,False
CADEC,Meta-Llama-3-8B-Instruct,margin,0.6,0.5792682926829268,0.4207317073170732,5193,False
CADEC,Meta-Llama-3-8B-Instruct,margin,0.55,0.6300315015750787,0.3699684984249213,5193,False
CADEC,Meta-Llama-3-8B-Instruct,margin,0.5,0.6572968810165576,0.3427031189834424,5193,False
CADEC,Meta-Llama-3-8B-Instruct,margin,0.45,0.6585365853658537,0.3414634146341463,5193,False
CADEC,Meta-Llama-3-8B-Instruct,margin,0.4,0.6616939364773821,0.33830606352261794,5193,False
CADEC,Meta-Llama-3-8B-Instruct,margin,0.35,0.6545654565456546,0.34543454345434543,5193,False
CADEC,Meta-Llama-3-8B-Instruct,margin,0.3,0.6534017971758665,0.34659820282413345,5193,False
CADEC,Meta-Llama-3-8B-Instruct,margin,0.25,0.6497305619707467,0.35026943802925325,5193,False
CADEC,Meta-Llama-3-8B-Instruct,margin,0.2,0.6467757459095284,0.35322425409047165,5193,False
CADEC,Meta-Llama-3-8B-Instruct,margin,0.15,0.6456996148908858,0.3543003851091142,5193,False
CADEC,Meta-Llama-3-8B-Instruct,margin,0.1,0.6384615384615384,0.3615384615384616,5193,False
CADEC,Meta-Llama-3-8B-Instruct,random,1.0,0.36529944155594063,0.6347005584440594,5193,False
CADEC,Meta-Llama-3-8B-Instruct,random,0.95,0.36532225374949323,0.6346777462505068,5193,False
CADEC,Meta-Llama-3-8B-Instruct,random,0.9,0.3651262302096705,0.6348737697903295,5193,False
CADEC,Meta-Llama-3-8B-Instruct,random,0.85,0.3644507361268403,0.6355492638731597,5193,False
CADEC,Meta-Llama-3-8B-Instruct,random,0.8,0.3642719614921781,0.6357280385078219,5193,False
CADEC,Meta-Llama-3-8B-Instruct,random,0.75,0.36456996148908855,0.6354300385109115,5193,False
CADEC,Meta-Llama-3-8B-Instruct,random,0.7,0.36449394939493945,0.6355060506050605,5193,False
CADEC,Meta-Llama-3-8B-Instruct,random,0.65,0.36485485781990523,0.6351451421800948,5193,False
CADEC,Meta-Llama-3-8B-Instruct,random,0.6,0.36431322207958927,0.6356867779204107,5193,False
CADEC,Meta-Llama-3-8B-Instruct,random,0.55,0.36405320266013297,0.635946797339867,5193,False
CADEC,Meta-Llama-3-8B-Instruct,random,0.5,0.3643819792067771,0.6356180207932229,5193,False
CADEC,Meta-Llama-3-8B-Instruct,random,0.45,0.3647839109970047,0.6352160890029953,5193,False
CADEC,Meta-Llama-3-8B-Instruct,random,0.4,0.3649663137632339,0.635033686236766,5193,False
CADEC,Meta-Llama-3-8B-Instruct,random,0.35,0.36534653465346534,0.6346534653465347,5193,False
CADEC,Meta-Llama-3-8B-Instruct,random,0.3,0.36530808729139924,0.6346919127086008,5193,False
CADEC,Meta-Llama-3-8B-Instruct,random,0.25,0.36185527328714395,0.638144726712856,5193,False
CADEC,Meta-Llama-3-8B-Instruct,random,0.2,0.3630895091434071,0.6369104908565929,5193,False
CADEC,Meta-Llama-3-8B-Instruct,random,0.15,0.36456996148908855,0.6354300385109115,5193,False
CADEC,Meta-Llama-3-8B-Instruct,random,0.1,0.3733653846153846,0.6266346153846154,5193,False
CADEC,Mistral-7B-Instruct-v0.1,combined,1.0,0.35700337298064977,0.6429966270193502,5633,False
CADEC,Mistral-7B-Instruct-v0.1,combined,0.95,0.3718236173393124,0.6281763826606876,5633,False
CADEC,Mistral-7B-Instruct-v0.1,combined,0.9,0.3861932938856016,0.6138067061143984,5633,False
CADEC,Mistral-7B-Instruct-v0.1,combined,0.85,0.40091877218626015,0.5990812278137398,5633,False
CADEC,Mistral-7B-Instruct-v0.1,combined,0.8,0.4102507211005103,0.5897492788994897,5633,False
CADEC,Mistral-7B-Instruct-v0.1,combined,0.75,0.42792899408284024,0.5720710059171598,5633,False
CADEC,Mistral-7B-Instruct-v0.1,combined,0.7,0.4368661257606491,0.5631338742393509,5633,False
CADEC,Mistral-7B-Instruct-v0.1,combined,0.65,0.4456581103222283,0.5543418896777716,5633,False
CADEC,Mistral-7B-Instruct-v0.1,combined,0.6,0.46420118343195266,0.5357988165680474,5633,False
CADEC,Mistral-7B-Instruct-v0.1,combined,0.55,0.45563084866085835,0.5443691513391417,5633,False
CADEC,Mistral-7B-Instruct-v0.1,combined,0.5,0.4597089101881434,0.5402910898118566,5633,False
CADEC,Mistral-7B-Instruct-v0.1,combined,0.45,0.4765285996055227,0.5234714003944774,5633,False
CADEC,Mistral-7B-Instruct-v0.1,combined,0.4,0.49778172138420584,0.5022182786157942,5633,False
CADEC,Mistral-7B-Instruct-v0.1,combined,0.35,0.5390466531440162,0.46095334685598377,5633,False
CADEC,Mistral-7B-Instruct-v0.1,combined,0.3,0.5893491124260355,0.4106508875739645,5633,False
CADEC,Mistral-7B-Instruct-v0.1,combined,0.25,0.6330731014904187,0.36692689850958127,5633,False
CADEC,Mistral-7B-Instruct-v0.1,combined,0.2,0.7338065661047027,0.26619343389529726,5633,False
CADEC,Mistral-7B-Instruct-v0.1,combined,0.15,0.7644970414201183,0.23550295857988168,5633,False
CADEC,Mistral-7B-Instruct-v0.1,combined,0.1,0.774822695035461,0.22517730496453903,5633,False
CADEC,Mistral-7B-Instruct-v0.1,combined_3,1.0,0.35700337298064977,0.6429966270193502,5633,False
CADEC,Mistral-7B-Instruct-v0.1,combined_3,0.95,0.3690209267563528,0.6309790732436472,5633,False
CADEC,Mistral-7B-Instruct-v0.1,combined_3,0.9,0.3810650887573965,0.6189349112426035,5633,False
CADEC,Mistral-7B-Instruct-v0.1,combined_3,0.85,0.3825433284610566,0.6174566715389433,5633,False
CADEC,Mistral-7B-Instruct-v0.1,combined_3,0.8,0.3887286443310406,0.6112713556689594,5633,False
CADEC,Mistral-7B-Instruct-v0.1,combined_3,0.75,0.4028402366863905,0.5971597633136094,5633,False
CADEC,Mistral-7B-Instruct-v0.1,combined_3,0.7,0.41886409736308317,0.5811359026369168,5633,False
CADEC,Mistral-7B-Instruct-v0.1,combined_3,0.65,0.4380120152921901,0.56198798470781,5633,False
CADEC,Mistral-7B-Instruct-v0.1,combined_3,0.6,0.4603550295857988,0.5396449704142012,5633,False
CADEC,Mistral-7B-Instruct-v0.1,combined_3,0.55,0.4798322039367538,0.5201677960632463,5633,False
CADEC,Mistral-7B-Instruct-v0.1,combined_3,0.5,0.5015974440894568,0.49840255591054317,5633,False
CADEC,Mistral-7B-Instruct-v0.1,combined_3,0.45,0.5214990138067062,0.47850098619329384,5633,False
CADEC,Mistral-7B-Instruct-v0.1,combined_3,0.4,0.5399290150842946,0.4600709849157054,5633,False
CADEC,Mistral-7B-Instruct-v0.1,combined_3,0.35,0.5765720081135902,0.4234279918864098,5633,False
CADEC,Mistral-7B-Instruct-v0.1,combined_3,0.3,0.6094674556213018,0.3905325443786982,5633,False
CADEC,Mistral-7B-Instruct-v0.1,combined_3,0.25,0.596167494677076,0.40383250532292403,5633,False
CADEC,Mistral-7B-Instruct-v0.1,combined_3,0.2,0.6220053238686779,0.3779946761313221,5633,False
CADEC,Mistral-7B-Instruct-v0.1,combined_3,0.15,0.6473372781065089,0.3526627218934911,5633,False
CADEC,Mistral-7B-Instruct-v0.1,combined_3,0.1,0.6702127659574468,0.32978723404255317,5633,False
CADEC,Mistral-7B-Instruct-v0.1,confidence,1.0,0.35700337298064977,0.6429966270193502,5633,False
CADEC,Mistral-7B-Instruct-v0.1,confidence,0.95,0.3609865470852018,0.6390134529147982,5633,False
CADEC,Mistral-7B-Instruct-v0.1,confidence,0.9,0.36548323471400396,0.634516765285996,5633,False
CADEC,Mistral-7B-Instruct-v0.1,confidence,0.85,0.3664648152015034,0.6335351847984966,5633,False
CADEC,Mistral-7B-Instruct-v0.1,confidence,0.8,0.3734191258043044,0.6265808741956955,5633,False
CADEC,Mistral-7B-Instruct-v0.1,confidence,0.75,0.3850887573964497,0.6149112426035503,5633,False
CADEC,Mistral-7B-Instruct-v0.1,confidence,0.7,0.39426977687626774,0.6057302231237323,5633,False
CADEC,Mistral-7B-Instruct-v0.1,confidence,0.65,0.4109776078645549,0.5890223921354452,5633,False
CADEC,Mistral-7B-Instruct-v0.1,confidence,0.6,0.4275147928994083,0.5724852071005917,5633,False
CADEC,Mistral-7B-Instruct-v0.1,confidence,0.55,0.4527266860277509,0.5472733139722491,5633,False
CADEC,Mistral-7B-Instruct-v0.1,confidence,0.5,0.4827831025914093,0.5172168974085907,5633,False
CADEC,Mistral-7B-Instruct-v0.1,confidence,0.45,0.517948717948718,0.482051282051282,5633,False
CADEC,Mistral-7B-Instruct-v0.1,confidence,0.4,0.5394853593611357,0.46051464063886427,5633,False
CADEC,Mistral-7B-Instruct-v0.1,confidence,0.35,0.5953346855983773,0.4046653144016227,5633,False
CADEC,Mistral-7B-Instruct-v0.1,confidence,0.3,0.6751479289940828,0.3248520710059172,5633,False
CADEC,Mistral-7B-Instruct-v0.1,confidence,0.25,0.751596877217885,0.24840312278211496,5633,False
CADEC,Mistral-7B-Instruct-v0.1,confidence,0.2,0.7515527950310559,0.24844720496894412,5633,False
CADEC,Mistral-7B-Instruct-v0.1,confidence,0.15,0.7585798816568048,0.2414201183431952,5633,False
CADEC,Mistral-7B-Instruct-v0.1,confidence,0.1,0.7588652482269503,0.24113475177304966,5633,False
CADEC,Mistral-7B-Instruct-v0.1,entropy,1.0,0.35700337298064977,0.6429966270193502,5633,False
CADEC,Mistral-7B-Instruct-v0.1,entropy,0.95,0.3716367713004484,0.6283632286995515,5633,False
CADEC,Mistral-7B-Instruct-v0.1,entropy,0.9,0.38461538461538464,0.6153846153846154,5633,False
CADEC,Mistral-7B-Instruct-v0.1,entropy,0.85,0.39590728753393195,0.604092712466068,5633,False
CADEC,Mistral-7B-Instruct-v0.1,entropy,0.8,0.40980696694031504,0.590193033059685,5633,False
CADEC,Mistral-7B-Instruct-v0.1,entropy,0.75,0.4234319526627219,0.5765680473372781,5633,False
CADEC,Mistral-7B-Instruct-v0.1,entropy,0.7,0.43331643002028397,0.566683569979716,5633,False
CADEC,Mistral-7B-Instruct-v0.1,entropy,0.65,0.4451119606772256,0.5548880393227744,5633,False
CADEC,Mistral-7B-Instruct-v0.1,entropy,0.6,0.4502958579881657,0.5497041420118343,5633,False
CADEC,Mistral-7B-Instruct-v0.1,entropy,0.55,0.45466279444982255,0.5453372055501775,5633,False
CADEC,Mistral-7B-Instruct-v0.1,entropy,0.5,0.4625488107916223,0.5374511892083778,5633,False
CADEC,Mistral-7B-Instruct-v0.1,entropy,0.45,0.463905325443787,0.536094674556213,5633,False
CADEC,Mistral-7B-Instruct-v0.1,entropy,0.4,0.46938775510204084,0.5306122448979591,5633,False
CADEC,Mistral-7B-Instruct-v0.1,entropy,0.35,0.4832657200811359,0.5167342799188641,5633,False
CADEC,Mistral-7B-Instruct-v0.1,entropy,0.3,0.48698224852071004,0.51301775147929,5633,False
CADEC,Mistral-7B-Instruct-v0.1,entropy,0.25,0.49751596877217885,0.5024840312278211,5633,False
CADEC,Mistral-7B-Instruct-v0.1,entropy,0.2,0.5004436557231589,0.49955634427684115,5633,False
CADEC,Mistral-7B-Instruct-v0.1,entropy,0.15,0.514792899408284,0.485207100591716,5633,False
CADEC,Mistral-7B-Instruct-v0.1,entropy,0.1,0.5177304964539007,0.4822695035460993,5633,False
CADEC,Mistral-7B-Instruct-v0.1,margin,1.0,0.35700337298064977,0.6429966270193502,5633,False
CADEC,Mistral-7B-Instruct-v0.1,margin,0.95,0.3479073243647235,0.6520926756352765,5633,False
CADEC,Mistral-7B-Instruct-v0.1,margin,0.9,0.3479289940828402,0.6520710059171597,5633,False
CADEC,Mistral-7B-Instruct-v0.1,margin,0.85,0.35560659845479226,0.6443934015452077,5633,False
CADEC,Mistral-7B-Instruct-v0.1,margin,0.8,0.3663190592411804,0.6336809407588195,5633,False
CADEC,Mistral-7B-Instruct-v0.1,margin,0.75,0.37467455621301776,0.6253254437869822,5633,False
CADEC,Mistral-7B-Instruct-v0.1,margin,0.7,0.38640973630831643,0.6135902636916836,5633,False
CADEC,Mistral-7B-Instruct-v0.1,margin,0.65,0.3817586018569088,0.6182413981430912,5633,False
CADEC,Mistral-7B-Instruct-v0.1,margin,0.6,0.3816568047337278,0.6183431952662721,5633,False
CADEC,Mistral-7B-Instruct-v0.1,margin,0.55,0.39270732494353017,0.6072926750564698,5633,False
CADEC,Mistral-7B-Instruct-v0.1,margin,0.5,0.38516151934682286,0.6148384806531771,5633,False
CADEC,Mistral-7B-Instruct-v0.1,margin,0.45,0.4011834319526627,0.5988165680473373,5633,False
CADEC,Mistral-7B-Instruct-v0.1,margin,0.4,0.404170363797693,0.595829636202307,5633,False
CADEC,Mistral-7B-Instruct-v0.1,margin,0.35,0.4193711967545639,0.5806288032454361,5633,False
CADEC,Mistral-7B-Instruct-v0.1,margin,0.3,0.4331360946745562,0.5668639053254438,5633,False
CADEC,Mistral-7B-Instruct-v0.1,margin,0.25,0.4478353442157559,0.5521646557842441,5633,False
CADEC,Mistral-7B-Instruct-v0.1,margin,0.2,0.4551907719609583,0.5448092280390417,5633,False
CADEC,Mistral-7B-Instruct-v0.1,margin,0.15,0.450887573964497,0.5491124260355029,5633,False
CADEC,Mistral-7B-Instruct-v0.1,margin,0.1,0.4308510638297872,0.5691489361702128,5633,False
CADEC,Mistral-7B-Instruct-v0.1,random,1.0,0.35700337298064977,0.6429966270193502,5633,False
CADEC,Mistral-7B-Instruct-v0.1,random,0.95,0.3571188340807175,0.6428811659192826,5633,False
CADEC,Mistral-7B-Instruct-v0.1,random,0.9,0.35727810650887576,0.6427218934911243,5633,False
CADEC,Mistral-7B-Instruct-v0.1,random,0.85,0.3567133013155147,0.6432866986844853,5633,False
CADEC,Mistral-7B-Instruct-v0.1,random,0.8,0.3569003771910361,0.6430996228089638,5633,False
CADEC,Mistral-7B-Instruct-v0.1,random,0.75,0.35676923076923084,0.6432307692307692,5633,False
CADEC,Mistral-7B-Instruct-v0.1,random,0.7,0.3570233265720081,0.6429766734279919,5633,False
CADEC,Mistral-7B-Instruct-v0.1,random,0.65,0.35774167121791367,0.6422583287820863,5633,False
CADEC,Mistral-7B-Instruct-v0.1,random,0.6,0.35877218934911237,0.6412278106508876,5633,False
CADEC,Mistral-7B-Instruct-v0.1,random,0.55,0.35877702484672475,0.6412229751532752,5633,False
CADEC,Mistral-7B-Instruct-v0.1,random,0.5,0.3582002129925453,0.6417997870074548,5633,False
CADEC,Mistral-7B-Instruct-v0.1,random,0.45,0.3587376725838264,0.6412623274161736,5633,False
CADEC,Mistral-7B-Instruct-v0.1,random,0.4,0.3581854480922804,0.6418145519077196,5633,False
CADEC,Mistral-7B-Instruct-v0.1,random,0.35,0.3580628803245436,0.6419371196754564,5633,False
CADEC,Mistral-7B-Instruct-v0.1,random,0.3,0.35804733727810656,0.6419526627218934,5633,False
CADEC,Mistral-7B-Instruct-v0.1,random,0.25,0.35901348474095107,0.6409865152590489,5633,False
CADEC,Mistral-7B-Instruct-v0.1,random,0.2,0.3582963620230701,0.6417036379769299,5633,False
CADEC,Mistral-7B-Instruct-v0.1,random,0.15,0.35686390532544376,0.6431360946745562,5633,False
CADEC,Mistral-7B-Instruct-v0.1,random,0.1,0.35416666666666663,0.6458333333333334,5633,False
CADEC,PubMedBERT,combined,1.0,0.40818486505556534,0.5918151349444347,5669,False
CADEC,PubMedBERT,combined,0.95,0.4296323802450798,0.5703676197549201,5669,False
CADEC,PubMedBERT,combined,0.9,0.4532627865961199,0.5467372134038802,5669,False
CADEC,PubMedBERT,combined,0.85,0.4797675866362316,0.5202324133637684,5669,False
CADEC,PubMedBERT,combined,0.8,0.5092592592592593,0.4907407407407407,5669,False
CADEC,PubMedBERT,combined,0.75,0.5397460018814676,0.4602539981185324,5669,False
CADEC,PubMedBERT,combined,0.7,0.5742000503905266,0.4257999496094734,5669,False
CADEC,PubMedBERT,combined,0.65,0.6146540027137042,0.3853459972862958,5669,False
CADEC,PubMedBERT,combined,0.6,0.6590241034685479,0.3409758965314521,5669,False
CADEC,PubMedBERT,combined,0.55,0.7004490057729313,0.29955099422706866,5669,False
CADEC,PubMedBERT,combined,0.5,0.7167548500881834,0.2832451499118166,5669,False
CADEC,PubMedBERT,combined,0.45,0.737460815047022,0.262539184952978,5669,False
CADEC,PubMedBERT,combined,0.4,0.7495590828924162,0.25044091710758376,5669,False
CADEC,PubMedBERT,combined,0.35,0.7516372795969773,0.24836272040302265,5669,False
CADEC,PubMedBERT,combined,0.3,0.7577895355673133,0.24221046443268668,5669,False
CADEC,PubMedBERT,combined,0.25,0.7538787023977433,0.24612129760225665,5669,False
CADEC,PubMedBERT,combined,0.2,0.763668430335097,0.23633156966490299,5669,False
CADEC,PubMedBERT,combined,0.15,0.7732079905992949,0.2267920094007051,5669,False
CADEC,PubMedBERT,combined,0.1,0.7795414462081128,0.22045855379188717,5669,False
CADEC,PubMedBERT,combined_3,1.0,0.40818486505556534,0.5918151349444347,5669,False
CADEC,PubMedBERT,combined_3,0.95,0.42703304864463426,0.5729669513553657,5669,False
CADEC,PubMedBERT,combined_3,0.9,0.450127376053302,0.549872623946698,5669,False
CADEC,PubMedBERT,combined_3,0.85,0.4749948122017016,0.5250051877982984,5669,False
CADEC,PubMedBERT,combined_3,0.8,0.498015873015873,0.501984126984127,5669,False
CADEC,PubMedBERT,combined_3,0.75,0.5251646284101599,0.4748353715898401,5669,False
CADEC,PubMedBERT,combined_3,0.7,0.5490047871000252,0.4509952128999748,5669,False
CADEC,PubMedBERT,combined_3,0.65,0.576662143826323,0.42333785617367703,5669,False
CADEC,PubMedBERT,combined_3,0.6,0.5972957084068196,0.40270429159318044,5669,False
CADEC,PubMedBERT,combined_3,0.55,0.6100064143681847,0.3899935856318153,5669,False
CADEC,PubMedBERT,combined_3,0.5,0.635626102292769,0.36437389770723105,5669,False
CADEC,PubMedBERT,combined_3,0.45,0.6410658307210031,0.3589341692789969,5669,False
CADEC,PubMedBERT,combined_3,0.4,0.6613756613756614,0.3386243386243386,5669,False
CADEC,PubMedBERT,combined_3,0.35,0.6831234256926952,0.31687657430730476,5669,False
CADEC,PubMedBERT,combined_3,0.3,0.6601998824221046,0.3398001175778954,5669,False
CADEC,PubMedBERT,combined_3,0.25,0.6699576868829337,0.33004231311706633,5669,False
CADEC,PubMedBERT,combined_3,0.2,0.6649029982363316,0.3350970017636684,5669,False
CADEC,PubMedBERT,combined_3,0.15,0.6839012925969448,0.31609870740305523,5669,False
CADEC,PubMedBERT,combined_3,0.1,0.6490299823633157,0.35097001763668434,5669,False
CADEC,PubMedBERT,confidence,1.0,0.40818486505556534,0.5918151349444347,5669,False
CADEC,PubMedBERT,confidence,0.95,0.4296323802450798,0.5703676197549201,5669,False
CADEC,PubMedBERT,confidence,0.9,0.44875563394081913,0.5512443660591808,5669,False
CADEC,PubMedBERT,confidence,0.85,0.4706370616310438,0.5293629383689562,5669,False
CADEC,PubMedBERT,confidence,0.8,0.49757495590828926,0.5024250440917107,5669,False
CADEC,PubMedBERT,confidence,0.75,0.5268109125117592,0.47318908748824084,5669,False
CADEC,PubMedBERT,confidence,0.7,0.5515243134290754,0.4484756865709246,5669,False
CADEC,PubMedBERT,confidence,0.65,0.5674355495251018,0.4325644504748982,5669,False
CADEC,PubMedBERT,confidence,0.6,0.5949441504997061,0.40505584950029394,5669,False
CADEC,PubMedBERT,confidence,0.55,0.6250801796023092,0.3749198203976908,5669,False
CADEC,PubMedBERT,confidence,0.5,0.6462081128747795,0.35379188712522047,5669,False
CADEC,PubMedBERT,confidence,0.45,0.6806426332288401,0.3193573667711599,5669,False
CADEC,PubMedBERT,confidence,0.4,0.6865079365079365,0.3134920634920635,5669,False
CADEC,PubMedBERT,confidence,0.35,0.7073047858942065,0.29269521410579347,5669,False
CADEC,PubMedBERT,confidence,0.3,0.7166372721928278,0.2833627278071722,5669,False
CADEC,PubMedBERT,confidence,0.25,0.7270803949224259,0.27291960507757407,5669,False
CADEC,PubMedBERT,confidence,0.2,0.7372134038800705,0.2627865961199295,5669,False
CADEC,PubMedBERT,confidence,0.15,0.7473560517038778,0.25264394829612224,5669,False
CADEC,PubMedBERT,confidence,0.1,0.7760141093474426,0.22398589065255736,5669,False
CADEC,PubMedBERT,entropy,1.0,0.40818486505556534,0.5918151349444347,5669,False
CADEC,PubMedBERT,entropy,0.95,0.4296323802450798,0.5703676197549201,5669,False
CADEC,PubMedBERT,entropy,0.9,0.4534587497550461,0.5465412502449539,5669,False
CADEC,PubMedBERT,entropy,0.85,0.4797675866362316,0.5202324133637684,5669,False
CADEC,PubMedBERT,entropy,0.8,0.5088183421516755,0.49118165784832446,5669,False
CADEC,PubMedBERT,entropy,0.75,0.5397460018814676,0.4602539981185324,5669,False
CADEC,PubMedBERT,entropy,0.7,0.5739480977576216,0.42605190224237843,5669,False
CADEC,PubMedBERT,entropy,0.65,0.6138398914518317,0.3861601085481683,5669,False
CADEC,PubMedBERT,entropy,0.6,0.6434450323339213,0.35655496766607875,5669,False
CADEC,PubMedBERT,entropy,0.55,0.6484926234765875,0.35150737652341246,5669,False
CADEC,PubMedBERT,entropy,0.5,0.6518518518518519,0.3481481481481481,5669,False
CADEC,PubMedBERT,entropy,0.45,0.6504702194357367,0.3495297805642633,5669,False
CADEC,PubMedBERT,entropy,0.4,0.6574074074074074,0.34259259259259256,5669,False
CADEC,PubMedBERT,entropy,0.35,0.6594458438287154,0.3405541561712846,5669,False
CADEC,PubMedBERT,entropy,0.3,0.6654908877131099,0.33450911228689006,5669,False
CADEC,PubMedBERT,entropy,0.25,0.6650211565585331,0.3349788434414669,5669,False
CADEC,PubMedBERT,entropy,0.2,0.6578483245149912,0.3421516754850088,5669,False
CADEC,PubMedBERT,entropy,0.15,0.6686251468860165,0.3313748531139835,5669,False
CADEC,PubMedBERT,entropy,0.1,0.6790123456790124,0.32098765432098764,5669,False
CADEC,PubMedBERT,margin,1.0,0.40818486505556534,0.5918151349444347,5669,False
CADEC,PubMedBERT,margin,0.95,0.3973264017823988,0.6026735982176012,5669,False
CADEC,PubMedBERT,margin,0.9,0.385851459925534,0.614148540074466,5669,False
CADEC,PubMedBERT,margin,0.85,0.3596181780452376,0.6403818219547623,5669,False
CADEC,PubMedBERT,margin,0.8,0.3421516754850088,0.6578483245149912,5669,False
CADEC,PubMedBERT,margin,0.75,0.3269049858889934,0.6730950141110066,5669,False
CADEC,PubMedBERT,margin,0.7,0.309145880574452,0.690854119425548,5669,False
CADEC,PubMedBERT,margin,0.65,0.29877883310719133,0.7012211668928087,5669,False
CADEC,PubMedBERT,margin,0.6,0.29717813051146386,0.7028218694885362,5669,False
CADEC,PubMedBERT,margin,0.55,0.28960872354073125,0.7103912764592688,5669,False
CADEC,PubMedBERT,margin,0.5,0.27372134038800705,0.726278659611993,5669,False
CADEC,PubMedBERT,margin,0.45,0.2527429467084639,0.7472570532915361,5669,False
CADEC,PubMedBERT,margin,0.4,0.23192239858906524,0.7680776014109347,5669,False
CADEC,PubMedBERT,margin,0.35,0.21612090680100757,0.7838790931989924,5669,False
CADEC,PubMedBERT,margin,0.3,0.19576719576719576,0.8042328042328042,5669,False
CADEC,PubMedBERT,margin,0.25,0.1854724964739069,0.814527503526093,5669,False
CADEC,PubMedBERT,margin,0.2,0.1710758377425044,0.8289241622574957,5669,False
CADEC,PubMedBERT,margin,0.15,0.1398354876615746,0.8601645123384254,5669,False
CADEC,PubMedBERT,margin,0.1,0.13403880070546736,0.8659611992945326,5669,False
CADEC,PubMedBERT,random,1.0,0.4081848650555654,0.5918151349444346,5669,False
CADEC,PubMedBERT,random,0.95,0.40806721128852586,0.5919327887114741,5669,False
CADEC,PubMedBERT,random,0.9,0.4081422692533804,0.5918577307466196,5669,False
CADEC,PubMedBERT,random,0.85,0.4078335754305873,0.5921664245694127,5669,False
CADEC,PubMedBERT,random,0.8,0.4078373015873017,0.5921626984126983,5669,False
CADEC,PubMedBERT,random,0.75,0.40694967074317967,0.5930503292568203,5669,False
CADEC,PubMedBERT,random,0.7,0.40676492819349963,0.5932350718065004,5669,False
CADEC,PubMedBERT,random,0.65,0.40628222523744906,0.5937177747625509,5669,False
CADEC,PubMedBERT,random,0.6,0.4068342151675485,0.5931657848324515,5669,False
CADEC,PubMedBERT,random,0.55,0.40659076330981403,0.593409236690186,5669,False
CADEC,PubMedBERT,random,0.5,0.40631393298059965,0.5936860670194004,5669,False
CADEC,PubMedBERT,random,0.45,0.4061128526645768,0.5938871473354232,5669,False
CADEC,PubMedBERT,random,0.4,0.40665784832451496,0.5933421516754851,5669,False
CADEC,PubMedBERT,random,0.35,0.40753148614609574,0.5924685138539043,5669,False
CADEC,PubMedBERT,random,0.3,0.40784832451499115,0.5921516754850089,5669,False
CADEC,PubMedBERT,random,0.25,0.40634696755994354,0.5936530324400564,5669,False
CADEC,PubMedBERT,random,0.2,0.40542328042328035,0.5945767195767196,5669,False
CADEC,PubMedBERT,random,0.15,0.40376028202115155,0.5962397179788484,5669,False
CADEC,PubMedBERT,random,0.1,0.4029982363315697,0.5970017636684303,5669,False
